dataset,test_size,horizon,context_length,rope_scaling,iter,mae,mse,rmse,smape
weather,small,5,32,True,0,2.445,19.638,4.431,0.087
weather,small,5,32,True,1,4.963,48.272,6.948,0.172
weather,small,5,32,True,2,4.464,19.129,4.374,0.165
weather,small,5,32,True,3,2.273,6.771,2.602,0.094
weather,small,5,32,True,4,3.839,20.443,4.521,0.16
weather,small,5,32,True,5,2.577,10.827,3.29,0.113
weather,small,5,32,True,6,3.13,10.056,3.171,0.136
weather,small,5,32,True,7,1.538,2.567,1.602,0.071
weather,small,5,32,True,8,1.401,2.569,1.603,0.067
weather,small,5,32,True,9,1.928,8.375,2.894,0.093
weather,small,5,32,True,10,1.987,5.891,2.427,0.093
weather,small,5,32,True,11,3.921,20.109,4.484,0.174
weather,small,5,32,True,12,2.026,6.023,2.454,0.088
weather,small,5,32,True,13,4.407,33.218,5.764,0.174
weather,small,5,32,True,14,6.217,69.266,8.323,0.241
weather,small,5,32,True,15,7.668,74.345,8.622,0.3
weather,small,5,32,True,16,5.289,33.914,5.824,0.196
weather,small,5,32,True,17,1.084,4.242,2.06,0.038
weather,small,5,32,True,18,2.509,11.35,3.369,0.087
weather,small,5,32,True,19,2.535,6.205,2.491,0.09
weather,small,5,32,True,20,4.413,31.135,5.58,0.15
weather,small,5,32,True,21,10.93,119.897,10.95,0.366
weather,small,5,32,True,22,11.456,161.831,12.721,0.33
weather,small,5,32,True,23,17.985,469.832,21.676,0.427
weather,small,5,32,True,24,25.515,969.234,31.133,0.48
weather,small,5,32,True,25,34.121,1534.801,39.177,0.573
weather,small,5,32,True,26,33.755,1525.746,39.061,0.486
weather,small,5,32,True,27,40.976,1643.419,40.539,0.583
weather,small,5,32,True,28,17.813,340.961,18.465,0.214
weather,small,5,32,True,29,7.467,76.574,8.751,0.096
weather,small,5,32,True,30,5.398,59.508,7.714,0.07
weather,small,5,32,True,31,11.389,173.461,13.17,0.15
weather,small,5,32,True,32,16.385,395.986,19.899,0.215
weather,small,5,32,True,33,38.19,1666.634,40.824,0.556
weather,small,5,32,True,34,35.831,2167.184,46.553,0.426
weather,small,5,32,True,35,45.551,2441.482,49.411,0.517
weather,small,5,32,True,36,39.802,1654.184,40.672,0.401
weather,small,5,32,True,37,18.047,266.178,16.315,0.161
weather,small,5,32,True,38,7.005,35.434,5.953,0.06
weather,small,5,32,True,39,3.821,33.493,5.787,0.033
weather,small,5,32,True,40,7.156,65.302,8.081,0.069
weather,small,5,32,True,41,13.444,263.285,16.226,0.14
weather,small,5,32,True,42,9.335,176.46,13.284,0.098
weather,small,5,32,True,43,11.922,251.749,15.867,0.158
weather,small,5,32,True,44,22.136,537.3,23.18,0.306
weather,small,5,32,True,45,6.953,80.858,8.992,0.127
weather,small,5,32,True,46,13.655,245.747,15.676,0.25
weather,small,5,32,True,47,19.53,395.344,19.883,0.358
weather,small,5,32,True,48,13.205,153.795,12.401,0.272
weather,small,5,32,True,49,9.119,233.435,15.279,0.204
weather,small,5,32,True,50,14.815,310.304,17.615,0.326
weather,small,5,32,True,51,8.672,185.526,13.621,0.217
weather,small,5,32,True,52,4.891,44.976,6.706,0.135
weather,small,5,32,True,53,2.964,7.788,2.791,0.087
weather,small,5,32,True,54,1.994,9.56,3.092,0.061
weather,small,5,32,True,55,1.467,7.079,2.661,0.045
weather,small,5,32,True,56,1.506,14.679,3.831,0.044
weather,small,5,32,True,57,1.285,25.738,5.073,0.037
weather,small,5,32,True,58,1.322,1.097,1.047,0.036
weather,small,5,32,True,59,5.912,19.647,4.433,0.153
weather,small,5,32,True,60,9.496,90.133,9.494,0.247
weather,small,5,32,True,61,6.103,32.727,5.721,0.148
weather,small,5,32,True,62,6.793,44.634,6.681,0.163
weather,small,5,32,True,63,2.575,24.51,4.951,0.057
weather,small,5,32,True,64,6.494,70.404,8.391,0.136
weather,small,5,32,True,65,3.874,19.488,4.415,0.082
weather,small,5,32,True,66,12.838,166.349,12.898,0.273
weather,small,5,32,True,67,10.152,141.62,11.9,0.199
weather,small,5,32,True,68,14.707,259.109,16.097,0.278
weather,small,5,32,True,69,12.305,363.486,19.065,0.177
weather,small,5,32,True,70,25.9,1021.722,31.964,0.373
weather,small,5,32,True,71,26.983,1050.867,32.417,0.325
weather,small,5,32,True,72,46.314,2676.819,51.738,0.557
weather,small,5,32,True,73,44.619,2263.043,47.571,0.464
weather,small,5,32,True,74,28.44,800.003,28.284,0.247
weather,small,5,32,True,75,28.431,1033.516,32.148,0.247
weather,small,5,32,True,76,10.594,179.683,13.405,0.085
weather,small,5,32,True,77,11.096,163.438,12.784,0.096
weather,small,5,32,True,78,16.081,353.782,18.809,0.144
weather,small,5,32,True,79,27.507,813.447,28.521,0.239
weather,small,5,32,True,80,14.201,195.645,13.987,0.15
weather,small,5,32,True,81,8.795,116.755,10.805,0.086
weather,small,5,32,True,82,18.744,467.5,21.622,0.187
weather,small,5,32,True,83,13.306,200.966,14.176,0.122
weather,small,5,32,True,84,4.629,31.965,5.654,0.041
weather,small,5,32,True,85,7.211,90.587,9.518,0.063
weather,small,5,32,True,86,7.789,56.873,7.541,0.067
weather,small,5,32,True,87,18.082,361.889,19.023,0.157
weather,small,5,32,True,88,10.365,104.456,10.22,0.101
weather,small,5,32,True,89,6.62,101.752,10.087,0.081
weather,small,5,32,True,90,9.606,150.036,12.249,0.114
weather,small,5,32,True,91,14.618,231.795,15.225,0.175
weather,small,5,32,True,92,7.784,89.311,9.45,0.103
weather,small,5,32,True,93,7.646,80.726,8.985,0.102
weather,small,5,32,True,94,19.196,374.263,19.346,0.287
weather,small,5,32,True,95,12.553,139.057,11.792,0.156
weather,small,5,32,True,96,22.792,735.177,27.114,0.278
weather,small,5,32,True,97,13.756,293.121,17.121,0.138
weather,small,5,32,True,98,22.85,697.613,26.412,0.223
weather,small,5,32,True,99,24.633,784.692,28.012,0.242
weather,small,5,32,True,100,10.589,128.117,11.319,0.097
weather,small,5,32,True,101,12.707,321.608,17.933,0.111
weather,small,5,32,True,102,7.18,89.144,9.442,0.072
weather,small,5,32,True,103,10.599,121.703,11.032,0.112
weather,small,5,32,True,104,22.525,534.893,23.128,0.26
weather,small,5,32,True,105,4.708,25.511,5.051,0.048
weather,small,5,32,True,106,3.981,25.911,5.09,0.04
weather,small,5,32,True,107,4.477,26.804,5.177,0.043
weather,small,5,32,True,108,5.706,46.924,6.85,0.055
weather,small,5,32,True,109,11.718,162.765,12.758,0.112
weather,small,5,32,True,110,6.022,56.677,7.528,0.055
weather,small,5,32,True,111,9.959,105.918,10.292,0.096
weather,small,5,32,True,112,10.258,137.297,11.717,0.1
weather,small,5,32,True,113,14.615,241.282,15.533,0.148
weather,small,5,32,True,114,7.75,84.152,9.173,0.075
weather,small,5,32,True,115,14.116,258.089,16.065,0.147
weather,small,5,32,True,116,10.316,129.843,11.395,0.112
weather,small,5,32,True,117,10.003,220.723,14.857,0.119
weather,small,5,32,True,118,17.136,429.782,20.731,0.198
weather,small,5,32,True,119,13.586,219.111,14.802,0.166
weather,small,5,32,True,120,20.558,479.833,21.905,0.236
weather,small,5,32,True,121,20.429,905.906,30.098,0.204
weather,small,5,32,True,122,30.782,1544.0,39.294,0.281
weather,small,5,32,True,123,38.138,1879.304,43.351,0.346
weather,small,5,32,True,124,55.95,3298.398,57.432,0.54
weather,small,5,32,True,125,20.344,409.447,20.235,0.172
weather,small,5,32,True,126,6.813,88.103,9.386,0.057
weather,small,5,32,True,127,14.46,303.108,17.41,0.122
weather,small,5,32,True,128,7.258,57.877,7.608,0.068
weather,small,5,32,True,129,9.694,128.587,11.34,0.089
weather,small,5,32,True,130,12.208,187.816,13.705,0.119
weather,small,5,32,True,131,11.189,166.798,12.915,0.098
weather,small,5,32,True,132,21.419,519.514,22.793,0.178
weather,small,5,32,True,133,12.911,188.373,13.725,0.114
weather,small,5,32,True,134,4.739,24.418,4.941,0.044
weather,small,5,32,True,135,6.016,93.62,9.676,0.056
weather,small,5,32,True,136,11.642,181.746,13.481,0.104
weather,small,5,32,True,137,7.534,73.399,8.567,0.077
weather,small,5,32,True,138,9.723,133.788,11.567,0.111
weather,small,5,32,True,139,14.573,285.789,16.905,0.184
weather,small,5,32,True,140,23.063,638.284,25.264,0.292
weather,small,5,32,True,141,26.931,825.519,28.732,0.352
weather,small,5,32,True,142,23.062,480.442,21.919,0.328
weather,small,5,32,True,143,1.94,15.194,3.898,0.033
weather,small,5,32,True,144,9.84,299.389,17.303,0.119
weather,small,5,32,True,145,25.486,1456.562,38.165,0.256
weather,small,5,32,True,146,38.795,2594.51,50.936,0.369
weather,small,5,32,True,147,61.241,4466.804,66.834,0.626
weather,small,5,32,True,148,64.341,4177.281,64.632,0.611
weather,small,5,32,True,149,38.476,1371.647,37.036,0.309
weather,small,5,32,True,150,16.49,225.946,15.031,0.127
weather,small,5,32,True,151,30.149,823.737,28.701,0.248
weather,small,5,32,True,152,34.471,1185.198,34.427,0.285
weather,small,5,32,True,153,14.842,274.951,16.582,0.114
weather,small,5,32,True,154,5.77,52.693,7.259,0.043
weather,small,5,32,True,155,20.011,381.715,19.538,0.161
weather,small,5,32,True,156,7.795,110.78,10.525,0.057
weather,small,5,32,True,157,8.731,163.448,12.785,0.066
weather,small,5,32,True,158,17.183,437.462,20.916,0.137
weather,small,5,32,True,159,7.058,69.917,8.362,0.055
weather,small,5,32,True,160,7.756,75.278,8.676,0.062
weather,small,5,32,True,161,23.36,528.213,22.983,0.188
weather,small,5,32,True,162,10.872,108.365,10.41,0.106
weather,small,5,32,True,163,23.124,716.066,26.759,0.241
weather,small,5,32,True,164,16.554,408.411,20.209,0.202
weather,small,5,32,True,165,26.512,826.875,28.755,0.321
weather,small,5,32,True,166,22.919,533.963,23.108,0.301
weather,small,5,32,True,167,7.318,78.188,8.842,0.106
weather,small,5,32,True,168,8.012,178.238,13.351,0.099
weather,small,5,32,True,169,13.895,201.655,14.201,0.156
weather,small,5,32,True,170,28.966,1132.311,33.65,0.256
weather,small,5,32,True,171,54.751,3950.557,62.853,0.502
weather,small,5,32,True,172,44.95,2383.276,48.819,0.36
weather,small,5,32,True,173,25.646,703.689,26.527,0.186
weather,small,5,32,True,174,19.229,469.321,21.664,0.135
weather,small,5,32,True,175,8.721,112.002,10.583,0.063
weather,small,5,32,True,176,17.154,762.087,27.606,0.142
weather,small,5,32,True,177,29.007,1107.223,33.275,0.237
weather,small,5,32,True,178,13.817,282.225,16.8,0.124
weather,small,5,32,True,179,36.341,1396.654,37.372,0.301
weather,small,5,32,True,180,11.648,213.371,14.607,0.118
weather,small,5,32,True,181,21.89,639.868,25.296,0.255
weather,small,5,32,True,182,19.706,577.364,24.028,0.236
weather,small,5,32,True,183,35.355,1496.258,38.681,0.411
weather,small,5,32,True,184,33.437,1135.904,33.703,0.418
weather,small,5,32,True,185,22.509,603.344,24.563,0.332
weather,small,5,32,True,186,4.921,32.031,5.66,0.089
weather,small,5,32,True,187,7.349,102.28,10.113,0.124
weather,small,5,32,True,188,13.985,205.614,14.339,0.24
weather,small,5,32,True,189,16.764,272.583,16.51,0.274
weather,small,5,32,True,190,27.116,763.261,27.627,0.463
weather,small,5,32,True,191,14.628,197.221,14.044,0.202
weather,small,5,32,True,192,7.914,84.681,9.202,0.095
weather,small,5,32,True,193,11.158,133.745,11.565,0.136
weather,small,5,32,True,194,11.233,225.602,15.02,0.127
weather,small,5,32,True,195,9.725,140.772,11.865,0.113
weather,small,5,32,True,196,25.912,927.316,30.452,0.264
weather,small,5,32,True,197,9.304,99.219,9.961,0.114
weather,small,5,32,True,198,10.428,192.454,13.873,0.117
weather,small,5,32,True,199,19.344,466.142,21.59,0.23
weather,small,5,32,True,200,20.644,558.65,23.636,0.222
weather,small,5,32,True,201,19.987,442.151,21.027,0.201
weather,small,5,32,True,202,35.046,1458.648,38.192,0.339
weather,small,5,32,True,203,28.856,1158.928,34.043,0.242
weather,small,5,32,True,204,39.457,1684.471,41.042,0.341
weather,small,5,32,True,205,27.522,826.844,28.755,0.226
weather,small,5,32,True,206,38.04,1539.58,39.237,0.323
weather,small,5,32,True,207,14.977,225.072,15.002,0.125
weather,small,5,32,True,208,8.577,110.439,10.509,0.071
weather,small,5,32,True,209,11.309,214.565,14.648,0.098
weather,small,5,32,True,210,6.668,68.178,8.257,0.061
weather,small,5,32,True,211,8.922,122.739,11.079,0.081
weather,small,5,32,True,212,13.113,247.082,15.719,0.131
weather,small,5,32,True,213,21.34,568.917,23.852,0.22
weather,small,5,32,True,214,23.324,650.678,25.508,0.233
weather,small,5,32,True,215,15.52,328.026,18.111,0.146
weather,small,5,32,True,216,17.267,362.894,19.05,0.159
weather,small,5,32,True,217,9.355,124.622,11.163,0.083
weather,small,5,32,True,218,7.059,127.636,11.298,0.061
weather,small,5,32,True,219,8.09,136.306,11.675,0.069
weather,small,5,32,True,220,9.937,152.53,12.35,0.084
weather,small,5,32,True,221,7.825,196.98,14.035,0.066
weather,small,5,32,True,222,33.063,1269.734,35.633,0.302
weather,small,5,32,True,223,13.281,164.476,12.825,0.113
weather,small,5,32,True,224,10.392,144.155,12.006,0.088
weather,small,5,32,True,225,8.738,112.074,10.586,0.073
weather,small,5,32,True,226,9.644,169.95,13.036,0.076
weather,small,5,32,True,227,12.301,265.137,16.283,0.094
weather,small,5,32,True,228,12.167,188.581,13.732,0.091
weather,small,5,32,True,229,11.168,165.91,12.881,0.083
weather,small,5,32,True,230,12.104,141.553,11.898,0.09
weather,small,5,32,True,231,10.763,151.377,12.304,0.086
weather,small,5,32,True,232,15.574,425.985,20.639,0.129
weather,small,5,32,True,233,22.868,680.563,26.088,0.193
weather,small,5,32,True,234,20.339,426.538,20.653,0.175
weather,small,5,32,True,235,12.844,300.154,17.325,0.12
weather,small,5,32,True,236,14.108,288.669,16.99,0.135
weather,small,5,32,True,237,14.21,315.391,17.759,0.136
weather,small,5,32,True,238,18.95,532.729,23.081,0.186
weather,small,5,32,True,239,6.91,63.204,7.95,0.065
weather,small,5,32,True,240,8.126,85.185,9.23,0.074
weather,small,5,32,True,241,4.201,33.512,5.789,0.039
weather,small,5,32,True,242,7.381,106.751,10.332,0.064
weather,small,5,32,True,243,17.701,922.426,30.371,0.116
weather,small,5,32,True,244,26.653,1055.658,32.491,0.174
weather,small,5,32,True,245,38.708,2144.073,46.304,0.26
weather,large,50,32,True,0,13.478,236.426,15.376,0.32
weather,large,50,32,True,1,10.69,169.939,13.036,0.275
weather,large,50,32,True,2,11.592,138.034,11.749,0.289
weather,large,50,32,True,3,12.707,232.541,15.249,0.311
weather,large,50,32,True,4,14.368,252.559,15.892,0.357
weather,large,50,32,True,5,13.182,262.377,16.198,0.337
weather,large,50,32,True,6,12.106,188.47,13.728,0.327
weather,large,50,32,True,7,12.552,216.348,14.709,0.327
weather,large,50,32,True,8,13.034,219.939,14.83,0.346
weather,large,50,32,True,9,13.509,224.146,14.972,0.375
weather,large,50,32,True,10,14.856,298.056,17.264,0.397
weather,large,50,32,True,11,14.138,307.479,17.535,0.375
weather,large,50,32,True,12,14.044,226.61,15.054,0.384
weather,large,50,32,True,13,15.376,307.859,17.546,0.402
weather,large,50,32,True,14,15.561,279.135,16.707,0.404
weather,large,50,32,True,15,14.163,222.976,14.932,0.383
weather,large,50,32,True,16,14.036,197.164,14.042,0.381
weather,large,50,32,True,17,16.445,410.022,20.249,0.433
weather,large,50,32,True,18,18.722,367.26,19.164,0.481
weather,large,50,32,True,19,19.232,522.036,22.848,0.497
weather,large,50,32,True,20,15.296,236.543,15.38,0.411
weather,large,50,32,True,21,16.698,400.782,20.02,0.442
weather,large,50,32,True,22,14.603,318.69,17.852,0.399
weather,large,50,32,True,23,11.992,169.187,13.007,0.344
weather,large,50,32,True,24,12.301,229.688,15.155,0.343
weather,large,50,32,True,25,12.703,264.524,16.264,0.345
weather,large,50,32,True,26,15.314,385.261,19.628,0.392
weather,large,50,32,True,27,15.069,378.055,19.444,0.376
weather,large,50,32,True,28,13.556,368.695,19.201,0.332
weather,large,50,32,True,29,15.941,437.84,20.925,0.392
weather,large,50,32,True,30,13.891,411.611,20.288,0.337
weather,large,50,32,True,31,17.031,527.815,22.974,0.408
weather,large,50,32,True,32,17.815,509.117,22.564,0.42
weather,large,50,32,True,33,20.29,728.044,26.982,0.463
weather,large,50,32,True,34,19.25,814.452,28.539,0.422
weather,large,50,32,True,35,18.363,897.29,29.955,0.364
weather,large,50,32,True,36,24.138,1033.293,32.145,0.493
weather,large,50,32,True,37,23.153,1357.266,36.841,0.442
weather,large,50,32,True,38,25.033,1497.107,38.692,0.473
weather,large,50,32,True,39,27.355,1627.437,40.342,0.523
weather,large,50,32,True,40,26.405,1507.192,38.823,0.479
weather,large,50,32,True,41,24.928,1491.169,38.616,0.437
weather,large,50,32,True,42,27.077,1506.508,38.814,0.486
weather,large,50,32,True,43,27.382,1738.541,41.696,0.487
weather,large,50,32,True,44,28.629,1960.641,44.279,0.509
weather,large,50,32,True,45,29.505,1824.671,42.716,0.538
weather,large,50,32,True,46,28.293,1477.748,38.441,0.523
weather,large,50,32,True,47,27.425,1511.517,38.878,0.498
weather,large,50,32,True,48,28.585,1666.157,40.819,0.513
weather,large,50,32,True,49,28.353,1737.754,41.686,0.51
weather,large,50,32,True,50,28.005,1496.962,38.691,0.494
weather,large,50,32,True,51,28.905,1736.578,41.672,0.527
weather,large,50,32,True,52,28.065,1604.149,40.052,0.488
weather,large,50,32,True,53,32.873,2096.343,45.786,0.635
weather,large,50,32,True,54,34.899,2499.101,49.991,0.7
weather,large,50,32,True,55,34.346,2287.148,47.824,0.682
weather,large,50,32,True,56,35.185,2336.214,48.334,0.716
weather,large,50,32,True,57,37.486,2574.145,50.736,0.795
weather,large,50,32,True,58,36.784,2524.127,50.241,0.759
weather,large,50,32,True,59,39.506,2691.512,51.88,0.859
weather,large,50,32,True,60,37.901,2596.406,50.955,0.792
weather,large,50,32,True,61,37.865,2225.471,47.175,0.795
weather,large,50,32,True,62,35.493,2165.241,46.532,0.702
weather,large,50,32,True,63,34.548,2025.155,45.002,0.671
weather,large,50,32,True,64,36.922,2332.011,48.291,0.748
weather,large,50,32,True,65,34.455,1890.988,43.485,0.656
weather,large,50,32,True,66,37.06,2180.742,46.698,0.735
weather,large,50,32,True,67,36.692,2035.569,45.117,0.722
weather,large,50,32,True,68,36.816,2002.202,44.746,0.714
weather,large,50,32,True,69,36.57,2035.12,45.112,0.685
weather,large,50,32,True,70,33.342,1722.209,41.5,0.57
weather,large,50,32,True,71,31.977,1730.988,41.605,0.517
weather,large,50,32,True,72,31.728,1498.561,38.711,0.496
weather,large,50,32,True,73,28.277,1450.722,38.088,0.417
weather,large,50,32,True,74,26.476,1213.43,34.834,0.379
weather,large,50,32,True,75,27.896,1260.065,35.497,0.406
weather,large,50,32,True,76,28.165,1136.108,33.706,0.4
weather,large,50,32,True,77,32.491,1411.478,37.57,0.471
weather,large,50,32,True,78,34.185,1712.775,41.386,0.503
weather,large,50,32,True,79,34.347,1603.996,40.05,0.497
weather,large,50,32,True,80,33.512,1710.93,41.363,0.484
weather,large,50,32,True,81,31.723,1520.688,38.996,0.456
weather,large,50,32,True,82,30.673,1429.292,37.806,0.45
weather,large,50,32,True,83,31.669,1610.552,40.132,0.468
weather,large,50,32,True,84,32.696,1849.403,43.005,0.482
weather,large,50,32,True,85,34.072,1349.043,36.729,0.494
weather,large,50,32,True,86,35.13,1806.025,42.497,0.517
weather,large,50,32,True,87,32.453,1362.49,36.912,0.465
weather,large,50,32,True,88,35.103,1634.436,40.428,0.508
weather,large,50,32,True,89,36.103,1632.596,40.405,0.515
weather,large,50,32,True,90,33.925,1568.396,39.603,0.496
weather,large,50,32,True,91,34.512,1476.254,38.422,0.505
weather,large,50,32,True,92,38.216,2019.024,44.934,0.56
weather,large,50,32,True,93,37.134,1778.749,42.175,0.553
weather,large,50,32,True,94,32.262,1533.404,39.159,0.463
weather,large,50,32,True,95,34.031,1727.821,41.567,0.491
weather,large,50,32,True,96,38.729,2466.284,49.662,0.571
weather,large,50,32,True,97,40.166,2457.286,49.571,0.588
weather,large,50,32,True,98,40.925,2439.853,49.395,0.585
weather,large,50,32,True,99,41.858,2703.682,51.997,0.597
weather,large,50,32,True,100,45.709,2850.444,53.39,0.671
weather,large,50,32,True,101,47.536,3136.643,56.006,0.704
weather,large,50,32,True,102,51.509,4195.389,64.772,0.783
weather,large,50,32,True,103,50.629,3205.439,56.617,0.758
weather,large,50,32,True,104,52.785,3980.64,63.092,0.797
weather,large,50,32,True,105,53.074,3303.752,57.478,0.791
weather,large,50,32,True,106,51.237,2892.742,53.784,0.741
weather,large,50,32,True,107,53.64,3204.3,56.607,0.773
weather,large,50,32,True,108,53.404,3420.495,58.485,0.756
weather,large,50,32,True,109,54.175,3115.505,55.817,0.759
weather,large,50,32,True,110,52.586,3322.735,57.643,0.722
weather,large,50,32,True,111,54.341,3375.086,58.095,0.754
weather,large,50,32,True,112,56.921,3614.492,60.121,0.791
weather,large,50,32,True,113,55.933,2886.007,53.722,0.762
weather,large,50,32,True,114,47.58,1988.257,44.59,0.604
weather,large,50,32,True,115,52.934,2838.153,53.274,0.694
weather,large,50,32,True,116,46.329,2021.588,44.962,0.581
weather,large,50,32,True,117,48.169,1992.634,44.639,0.611
weather,large,50,32,True,118,49.217,2368.513,48.667,0.64
weather,large,50,32,True,119,40.465,1549.716,39.366,0.517
weather,large,50,32,True,120,40.703,1241.69,35.238,0.515
weather,large,50,32,True,121,42.23,1316.968,36.29,0.55
weather,large,50,32,True,122,41.173,1396.656,37.372,0.533
weather,large,50,32,True,123,40.939,1500.621,38.738,0.518
weather,large,50,32,True,124,39.841,1670.311,40.869,0.49
weather,large,50,32,True,125,45.02,2236.413,47.291,0.57
weather,large,50,32,True,126,41.955,1527.789,39.087,0.525
weather,large,50,32,True,127,53.294,2750.652,52.447,0.705
weather,large,50,32,True,128,47.408,2192.412,46.823,0.612
weather,large,50,32,True,129,38.228,1675.238,40.93,0.477
weather,large,50,32,True,130,39.079,1577.657,39.72,0.484
weather,large,50,32,True,131,37.184,1806.49,42.503,0.447
weather,large,50,32,True,132,34.628,1005.494,31.71,0.397
weather,large,50,32,True,133,41.373,1517.631,38.957,0.505
weather,large,50,32,True,134,43.2,1875.981,43.313,0.538
weather,large,50,32,True,135,40.068,1736.869,41.676,0.483
weather,large,50,32,True,136,37.878,1510.993,38.871,0.449
weather,large,50,32,True,137,46.502,1985.831,44.563,0.588
weather,large,50,32,True,138,44.764,1894.355,43.524,0.559
weather,large,50,32,True,139,50.092,2201.386,46.919,0.65
weather,large,50,32,True,140,32.361,1069.311,32.7,0.372
weather,large,50,32,True,141,39.435,1698.267,41.21,0.48
weather,large,50,32,True,142,36.943,1449.505,38.072,0.442
weather,large,50,32,True,143,35.232,1114.506,33.384,0.417
weather,large,50,32,True,144,39.888,1845.21,42.956,0.493
weather,large,50,32,True,145,31.414,1084.636,32.934,0.357
weather,large,50,32,True,146,29.617,1270.284,35.641,0.332
weather,large,50,32,True,147,32.811,1332.41,36.502,0.376
weather,large,50,32,True,148,37.449,1771.79,42.093,0.439
weather,large,50,32,True,149,42.064,2288.487,47.838,0.487
weather,large,50,32,True,150,36.423,1990.541,44.615,0.407
weather,large,50,32,True,151,33.601,1598.516,39.981,0.365
weather,large,50,32,True,152,36.441,2045.55,45.228,0.402
weather,large,50,32,True,153,33.368,1584.458,39.805,0.357
weather,large,50,32,True,154,34.878,1881.132,43.372,0.372
weather,large,50,32,True,155,38.422,2108.24,45.916,0.416
weather,large,50,32,True,156,37.099,1806.413,42.502,0.391
weather,large,50,32,True,157,38.201,1735.548,41.66,0.401
weather,large,50,32,True,158,40.431,2395.952,48.948,0.431
weather,large,50,32,True,159,38.171,1750.168,41.835,0.402
weather,large,50,32,True,160,42.869,2338.735,48.36,0.461
weather,large,50,32,True,161,45.891,2598.573,50.976,0.508
weather,large,50,32,True,162,37.571,1868.81,43.23,0.401
weather,large,50,32,True,163,33.638,1364.32,36.937,0.347
weather,large,50,32,True,164,38.189,1633.635,40.418,0.411
weather,large,50,32,True,165,38.766,1904.841,43.644,0.417
weather,large,50,32,True,166,43.107,2372.23,48.706,0.48
weather,large,50,32,True,167,39.862,2011.065,44.845,0.427
weather,large,50,32,True,168,41.133,1957.254,44.241,0.445
weather,large,50,32,True,169,41.322,2041.406,45.182,0.438
weather,large,50,32,True,170,37.774,1770.476,42.077,0.407
weather,large,50,32,True,171,36.72,1771.565,42.09,0.394
weather,large,50,32,True,172,35.061,1678.647,40.971,0.361
weather,large,50,32,True,173,35.558,1940.616,44.052,0.362
weather,large,50,32,True,174,35.045,1900.064,43.59,0.353
weather,large,50,32,True,175,41.085,2357.016,48.549,0.443
weather,large,50,32,True,176,34.964,1523.234,39.029,0.351
weather,large,50,32,True,177,33.294,1347.819,36.713,0.328
weather,large,50,32,True,178,33.69,1494.017,38.653,0.329
weather,large,50,32,True,179,35.73,1760.807,41.962,0.357
weather,large,50,32,True,180,35.303,1421.839,37.707,0.359
weather,large,50,32,True,181,36.782,1557.572,39.466,0.375
weather,large,50,32,True,182,40.696,2417.152,49.165,0.432
weather,large,50,32,True,183,35.605,1809.387,42.537,0.361
weather,large,50,32,True,184,36.712,1755.71,41.901,0.379
weather,large,50,32,True,185,39.427,2090.243,45.719,0.415
weather,large,50,32,True,186,32.243,1411.713,37.573,0.327
weather,large,50,32,True,187,37.621,2103.178,45.86,0.394
weather,large,50,32,True,188,45.482,2888.004,53.74,0.514
weather,large,50,32,True,189,45.026,3070.302,55.41,0.5
weather,large,50,32,True,190,48.592,3203.907,56.603,0.565
weather,large,50,32,True,191,47.972,3218.844,56.735,0.547
weather,large,50,32,True,192,44.529,2678.125,51.751,0.495
weather,large,50,32,True,193,51.726,3322.065,57.637,0.61
weather,large,50,32,True,194,38.447,1919.816,43.816,0.412
weather,large,50,32,True,195,32.374,1190.445,34.503,0.348
weather,large,50,32,True,196,27.675,963.587,31.042,0.285
weather,large,50,32,True,197,26.995,1019.194,31.925,0.283
weather,large,50,32,True,198,24.366,607.842,24.654,0.256
weather,large,50,32,True,199,19.903,770.79,27.763,0.206
weather,large,50,32,True,200,21.706,679.277,26.063,0.227
carbon,small,5,32,True,0,1.867,5.03,2.243,0.066
carbon,small,5,32,True,1,4.613,23.893,4.888,0.161
carbon,small,5,32,True,2,4.54,16.191,4.024,0.167
carbon,small,5,32,True,3,2.808,8.591,2.931,0.114
carbon,small,5,32,True,4,3.873,19.041,4.364,0.161
carbon,small,5,32,True,5,2.388,8.338,2.887,0.106
carbon,small,5,32,True,6,3.131,6.633,2.575,0.136
carbon,small,5,32,True,7,1.701,2.219,1.49,0.078
carbon,small,5,32,True,8,1.286,2.117,1.455,0.061
carbon,small,5,32,True,9,2.181,6.976,2.641,0.105
carbon,small,5,32,True,10,1.421,6.272,2.504,0.068
carbon,small,5,32,True,11,3.013,11.967,3.459,0.136
carbon,small,5,32,True,12,2.647,10.656,3.264,0.114
carbon,small,5,32,True,13,4.001,9.635,3.104,0.157
carbon,small,5,32,True,14,6.482,37.233,6.102,0.253
carbon,small,5,32,True,15,7.231,54.304,7.369,0.28
carbon,small,5,32,True,16,5.462,29.353,5.418,0.203
carbon,small,5,32,True,17,1.96,4.252,2.062,0.07
carbon,small,5,32,True,18,1.902,11.546,3.398,0.067
carbon,small,5,32,True,19,2.796,11.911,3.451,0.1
carbon,small,5,32,True,20,4.859,39.356,6.273,0.167
carbon,small,5,32,True,21,10.349,145.145,12.048,0.341
carbon,small,5,32,True,22,10.838,174.733,13.219,0.307
carbon,small,5,32,True,23,17.825,449.9,21.211,0.421
carbon,small,5,32,True,24,26.31,1102.318,33.201,0.501
carbon,small,5,32,True,25,33.864,1481.055,38.484,0.567
carbon,small,5,32,True,26,35.04,1565.615,39.568,0.51
carbon,small,5,32,True,27,39.216,1656.817,40.704,0.55
carbon,small,5,32,True,28,16.098,293.93,17.144,0.193
carbon,small,5,32,True,29,5.815,51.186,7.154,0.071
carbon,small,5,32,True,30,5.74,59.197,7.694,0.076
carbon,small,5,32,True,31,9.791,137.832,11.74,0.132
carbon,small,5,32,True,32,15.894,501.528,22.395,0.209
carbon,small,5,32,True,33,37.93,1820.898,42.672,0.551
carbon,small,5,32,True,34,34.506,1760.292,41.956,0.405
carbon,small,5,32,True,35,40.744,2081.023,45.618,0.452
carbon,small,5,32,True,36,38.052,1474.359,38.397,0.381
carbon,small,5,32,True,37,11.843,192.914,13.889,0.102
carbon,small,5,32,True,38,6.894,69.184,8.318,0.059
carbon,small,5,32,True,39,6.928,59.071,7.686,0.059
carbon,small,5,32,True,40,7.372,67.155,8.195,0.072
carbon,small,5,32,True,41,13.191,230.159,15.171,0.138
carbon,small,5,32,True,42,7.351,119.686,10.94,0.075
carbon,small,5,32,True,43,15.795,313.14,17.696,0.202
carbon,small,5,32,True,44,23.32,516.099,22.718,0.319
carbon,small,5,32,True,45,9.16,152.993,12.369,0.164
carbon,small,5,32,True,46,14.186,307.604,17.539,0.258
carbon,small,5,32,True,47,19.708,389.716,19.741,0.36
carbon,small,5,32,True,48,12.694,268.331,16.381,0.261
carbon,small,5,32,True,49,8.816,151.482,12.308,0.197
carbon,small,5,32,True,50,11.295,198.49,14.089,0.261
carbon,small,5,32,True,51,7.523,111.245,10.547,0.191
carbon,small,5,32,True,52,4.492,40.624,6.374,0.125
carbon,small,5,32,True,53,2.408,20.38,4.514,0.072
carbon,small,5,32,True,54,1.809,8.635,2.939,0.055
carbon,small,5,32,True,55,1.324,8.298,2.881,0.04
carbon,small,5,32,True,56,2.963,25.852,5.084,0.085
carbon,small,5,32,True,57,0.92,11.959,3.458,0.027
carbon,small,5,32,True,58,3.487,7.824,2.797,0.098
carbon,small,5,32,True,59,5.853,37.215,6.1,0.151
carbon,small,5,32,True,60,8.804,64.036,8.002,0.226
carbon,small,5,32,True,61,7.852,39.352,6.273,0.196
carbon,small,5,32,True,62,6.901,45.988,6.781,0.166
carbon,small,5,32,True,63,2.946,12.036,3.469,0.066
carbon,small,5,32,True,64,8.062,84.695,9.203,0.167
carbon,small,5,32,True,65,6.427,61.276,7.828,0.141
carbon,small,5,32,True,66,13.625,185.984,13.638,0.293
carbon,small,5,32,True,67,9.288,152.361,12.343,0.18
carbon,small,5,32,True,68,12.11,151.358,12.303,0.223
carbon,small,5,32,True,69,15.362,444.929,21.093,0.231
carbon,small,5,32,True,70,24.85,988.646,31.443,0.353
carbon,small,5,32,True,71,28.884,1207.705,34.752,0.353
carbon,small,5,32,True,72,46.827,2635.361,51.336,0.564
carbon,small,5,32,True,73,48.097,2401.144,49.001,0.51
carbon,small,5,32,True,74,29.403,970.261,31.149,0.257
carbon,small,5,32,True,75,27.509,798.146,28.251,0.238
carbon,small,5,32,True,76,13.979,214.133,14.633,0.113
carbon,small,5,32,True,77,12.108,192.515,13.875,0.105
carbon,small,5,32,True,78,17.946,480.8,21.927,0.16
carbon,small,5,32,True,79,29.49,971.011,31.161,0.254
carbon,small,5,32,True,80,15.818,269.383,16.413,0.167
carbon,small,5,32,True,81,9.874,112.988,10.63,0.096
carbon,small,5,32,True,82,20.465,451.717,21.254,0.205
carbon,small,5,32,True,83,17.08,310.781,17.629,0.16
carbon,small,5,32,True,84,7.165,44.712,6.687,0.063
carbon,small,5,32,True,85,6.181,90.233,9.499,0.054
carbon,small,5,32,True,86,6.303,34.473,5.871,0.055
carbon,small,5,32,True,87,14.704,248.976,15.779,0.13
carbon,small,5,32,True,88,9.364,121.905,11.041,0.093
carbon,small,5,32,True,89,10.437,153.173,12.376,0.122
carbon,small,5,32,True,90,11.041,194.029,13.929,0.13
carbon,small,5,32,True,91,13.146,220.388,14.845,0.16
carbon,small,5,32,True,92,7.685,69.884,8.36,0.102
carbon,small,5,32,True,93,7.729,81.029,9.002,0.103
carbon,small,5,32,True,94,17.206,348.661,18.672,0.253
carbon,small,5,32,True,95,10.093,112.453,10.604,0.126
carbon,small,5,32,True,96,22.451,772.938,27.802,0.271
carbon,small,5,32,True,97,18.949,486.17,22.049,0.193
carbon,small,5,32,True,98,26.726,1039.082,32.235,0.265
carbon,small,5,32,True,99,27.396,952.669,30.865,0.273
carbon,small,5,32,True,100,14.559,194.343,13.941,0.136
carbon,small,5,32,True,101,12.62,283.801,16.846,0.111
carbon,small,5,32,True,102,9.065,128.835,11.351,0.088
carbon,small,5,32,True,103,11.458,120.129,10.96,0.122
carbon,small,5,32,True,104,23.868,549.491,23.441,0.279
carbon,small,5,32,True,105,5.714,75.582,8.694,0.059
carbon,small,5,32,True,106,3.677,21.756,4.664,0.037
carbon,small,5,32,True,107,3.227,18.626,4.316,0.031
carbon,small,5,32,True,108,5.49,27.197,5.215,0.053
carbon,small,5,32,True,109,12.005,192.335,13.868,0.115
carbon,small,5,32,True,110,5.795,49.265,7.019,0.053
carbon,small,5,32,True,111,11.658,270.182,16.437,0.114
carbon,small,5,32,True,112,9.777,141.452,11.893,0.095
carbon,small,5,32,True,113,17.208,432.058,20.786,0.178
carbon,small,5,32,True,114,8.336,105.371,10.265,0.082
carbon,small,5,32,True,115,14.169,201.156,14.183,0.148
carbon,small,5,32,True,116,10.076,158.743,12.599,0.111
carbon,small,5,32,True,117,11.642,315.574,17.764,0.136
carbon,small,5,32,True,118,18.688,407.233,20.18,0.214
carbon,small,5,32,True,119,18.351,463.92,21.539,0.216
carbon,small,5,32,True,120,20.676,387.406,19.683,0.237
carbon,small,5,32,True,121,16.462,582.928,24.144,0.157
carbon,small,5,32,True,122,26.841,1214.97,34.856,0.238
carbon,small,5,32,True,123,39.735,2112.213,45.959,0.363
carbon,small,5,32,True,124,55.773,3183.931,56.426,0.538
carbon,small,5,32,True,125,16.456,347.755,18.648,0.133
carbon,small,5,32,True,126,7.687,102.919,10.145,0.061
carbon,small,5,32,True,127,11.632,279.201,16.709,0.1
carbon,small,5,32,True,128,6.274,53.787,7.334,0.059
carbon,small,5,32,True,129,7.419,92.587,9.622,0.069
carbon,small,5,32,True,130,12.301,218.704,14.789,0.121
carbon,small,5,32,True,131,9.327,106.775,10.333,0.086
carbon,small,5,32,True,132,18.637,489.137,22.116,0.157
carbon,small,5,32,True,133,11.489,192.946,13.891,0.102
carbon,small,5,32,True,134,5.019,23.595,4.857,0.046
carbon,small,5,32,True,135,3.419,40.112,6.333,0.031
carbon,small,5,32,True,136,10.664,133.33,11.547,0.096
carbon,small,5,32,True,137,7.751,104.83,10.239,0.079
carbon,small,5,32,True,138,10.907,169.25,13.01,0.126
carbon,small,5,32,True,139,15.476,253.683,15.927,0.193
carbon,small,5,32,True,140,24.15,682.786,26.13,0.303
carbon,small,5,32,True,141,29.961,972.07,31.178,0.383
carbon,small,5,32,True,142,20.963,419.761,20.488,0.303
carbon,small,5,32,True,143,2.026,12.413,3.523,0.035
carbon,small,5,32,True,144,10.271,279.754,16.726,0.13
carbon,small,5,32,True,145,24.658,1368.228,36.99,0.247
carbon,small,5,32,True,146,41.205,2671.46,51.686,0.4
carbon,small,5,32,True,147,56.82,3913.435,62.557,0.563
carbon,small,5,32,True,148,67.922,4392.206,66.274,0.656
carbon,small,5,32,True,149,42.035,1849.884,43.01,0.346
carbon,small,5,32,True,150,19.725,257.163,16.036,0.153
carbon,small,5,32,True,151,22.697,657.959,25.651,0.18
carbon,small,5,32,True,152,41.507,1830.336,42.782,0.355
carbon,small,5,32,True,153,16.973,350.38,18.718,0.133
carbon,small,5,32,True,154,7.176,74.645,8.64,0.053
carbon,small,5,32,True,155,18.893,351.456,18.747,0.151
carbon,small,5,32,True,156,10.283,110.637,10.518,0.075
carbon,small,5,32,True,157,8.377,148.051,12.168,0.064
carbon,small,5,32,True,158,11.892,183.894,13.561,0.092
carbon,small,5,32,True,159,6.632,92.867,9.637,0.051
carbon,small,5,32,True,160,6.402,61.4,7.836,0.051
carbon,small,5,32,True,161,25.442,675.507,25.991,0.203
carbon,small,5,32,True,162,12.611,194.876,13.96,0.122
carbon,small,5,32,True,163,20.524,527.945,22.977,0.218
carbon,small,5,32,True,164,14.277,269.165,16.406,0.178
carbon,small,5,32,True,165,25.042,543.683,23.317,0.306
carbon,small,5,32,True,166,23.331,507.289,22.523,0.306
carbon,small,5,32,True,167,7.124,62.216,7.888,0.104
carbon,small,5,32,True,168,9.069,131.991,11.489,0.118
carbon,small,5,32,True,169,12.371,262.09,16.189,0.132
carbon,small,5,32,True,170,33.046,1791.593,42.327,0.304
carbon,small,5,32,True,171,53.707,3193.206,56.508,0.489
carbon,small,5,32,True,172,53.895,2614.82,51.135,0.448
carbon,small,5,32,True,173,20.731,534.93,23.129,0.146
carbon,small,5,32,True,174,23.693,518.477,22.77,0.172
carbon,small,5,32,True,175,8.039,67.007,8.186,0.058
carbon,small,5,32,True,176,18.56,710.518,26.656,0.152
carbon,small,5,32,True,177,27.685,891.112,29.851,0.228
carbon,small,5,32,True,178,12.224,265.285,16.288,0.11
carbon,small,5,32,True,179,37.362,1770.83,42.081,0.309
carbon,small,5,32,True,180,13.848,300.908,17.347,0.138
carbon,small,5,32,True,181,18.96,502.342,22.413,0.217
carbon,small,5,32,True,182,18.465,475.766,21.812,0.224
carbon,small,5,32,True,183,33.723,1498.485,38.71,0.396
carbon,small,5,32,True,184,35.336,1296.776,36.011,0.438
carbon,small,5,32,True,185,18.051,365.02,19.105,0.275
carbon,small,5,32,True,186,5.494,32.123,5.668,0.098
carbon,small,5,32,True,187,8.929,105.198,10.257,0.151
carbon,small,5,32,True,188,13.602,231.995,15.231,0.231
carbon,small,5,32,True,189,12.761,233.627,15.285,0.203
carbon,small,5,32,True,190,28.305,758.109,27.534,0.489
carbon,small,5,32,True,191,15.055,227.687,15.089,0.208
carbon,small,5,32,True,192,8.712,101.082,10.054,0.109
carbon,small,5,32,True,193,10.051,128.712,11.345,0.121
carbon,small,5,32,True,194,12.179,134.58,11.601,0.139
carbon,small,5,32,True,195,12.824,175.127,13.234,0.146
carbon,small,5,32,True,196,25.029,766.612,27.688,0.257
carbon,small,5,32,True,197,8.471,54.557,7.386,0.103
carbon,small,5,32,True,198,14.015,338.526,18.399,0.165
carbon,small,5,32,True,199,14.916,350.615,18.725,0.171
carbon,small,5,32,True,200,20.668,700.526,26.467,0.223
carbon,small,5,32,True,201,18.877,476.772,21.835,0.19
carbon,small,5,32,True,202,36.32,1523.471,39.032,0.354
carbon,small,5,32,True,203,25.539,926.723,30.442,0.211
carbon,small,5,32,True,204,41.259,1961.402,44.288,0.36
carbon,small,5,32,True,205,29.247,1037.088,32.204,0.241
carbon,small,5,32,True,206,33.89,1217.82,34.897,0.281
carbon,small,5,32,True,207,17.227,294.501,17.161,0.146
carbon,small,5,32,True,208,7.636,80.281,8.96,0.061
carbon,small,5,32,True,209,12.46,202.154,14.218,0.111
carbon,small,5,32,True,210,6.312,47.89,6.92,0.058
carbon,small,5,32,True,211,9.724,101.377,10.069,0.091
carbon,small,5,32,True,212,13.004,360.31,18.982,0.132
carbon,small,5,32,True,213,21.064,617.857,24.857,0.215
carbon,small,5,32,True,214,23.052,650.021,25.496,0.23
carbon,small,5,32,True,215,20.403,484.443,22.01,0.197
carbon,small,5,32,True,216,20.628,390.913,19.772,0.192
carbon,small,5,32,True,217,8.296,103.417,10.169,0.074
carbon,small,5,32,True,218,6.033,155.551,12.472,0.053
carbon,small,5,32,True,219,8.465,143.307,11.971,0.072
carbon,small,5,32,True,220,8.318,135.434,11.638,0.071
carbon,small,5,32,True,221,6.891,165.805,12.877,0.059
carbon,small,5,32,True,222,37.23,1348.526,36.722,0.347
carbon,small,5,32,True,223,6.225,71.48,8.455,0.052
carbon,small,5,32,True,224,6.955,67.767,8.232,0.057
carbon,small,5,32,True,225,9.585,102.588,10.129,0.08
carbon,small,5,32,True,226,12.889,201.704,14.202,0.104
carbon,small,5,32,True,227,15.97,434.418,20.843,0.125
carbon,small,5,32,True,228,8.391,139.156,11.796,0.062
carbon,small,5,32,True,229,9.528,121.633,11.029,0.07
carbon,small,5,32,True,230,12.526,196.765,14.027,0.094
carbon,small,5,32,True,231,9.967,184.432,13.581,0.08
carbon,small,5,32,True,232,17.13,279.936,16.731,0.14
carbon,small,5,32,True,233,22.317,698.101,26.422,0.189
carbon,small,5,32,True,234,18.758,310.011,17.607,0.163
carbon,small,5,32,True,235,11.839,286.557,16.928,0.11
carbon,small,5,32,True,236,13.295,320.306,17.897,0.126
carbon,small,5,32,True,237,14.342,319.644,17.879,0.137
carbon,small,5,32,True,238,14.452,309.045,17.58,0.138
carbon,small,5,32,True,239,9.21,148.075,12.169,0.083
carbon,small,5,32,True,240,8.171,66.242,8.139,0.075
carbon,small,5,32,True,241,6.321,35.287,5.94,0.056
carbon,small,5,32,True,242,10.131,107.837,10.384,0.086
carbon,small,5,32,True,243,15.466,851.764,29.185,0.1
carbon,small,5,32,True,244,26.174,1315.635,36.272,0.171
carbon,small,5,32,True,245,41.355,2330.232,48.272,0.281
carbon,large,50,32,True,0,12.404,157.368,12.545,0.298
carbon,large,50,32,True,1,12.37,174.456,13.208,0.303
carbon,large,50,32,True,2,12.018,198.223,14.079,0.302
carbon,large,50,32,True,3,10.251,154.335,12.423,0.265
carbon,large,50,32,True,4,12.34,203.698,14.272,0.318
carbon,large,50,32,True,5,11.326,167.175,12.93,0.292
carbon,large,50,32,True,6,14.109,290.752,17.051,0.358
carbon,large,50,32,True,7,12.963,250.175,15.817,0.351
carbon,large,50,32,True,8,12.256,224.109,14.97,0.34
carbon,large,50,32,True,9,14.999,281.098,16.766,0.393
carbon,large,50,32,True,10,15.483,283.769,16.845,0.41
carbon,large,50,32,True,11,14.471,338.953,18.411,0.38
carbon,large,50,32,True,12,16.141,330.169,18.171,0.418
carbon,large,50,32,True,13,13.868,258.48,16.077,0.372
carbon,large,50,32,True,14,14.995,201.766,14.204,0.399
carbon,large,50,32,True,15,15.222,239.635,15.48,0.404
carbon,large,50,32,True,16,12.468,193.612,13.914,0.349
carbon,large,50,32,True,17,19.441,351.842,18.757,0.491
carbon,large,50,32,True,18,19.011,422.058,20.544,0.486
carbon,large,50,32,True,19,16.232,388.546,19.712,0.433
carbon,large,50,32,True,20,17.44,324.561,18.016,0.461
carbon,large,50,32,True,21,15.018,242.656,15.577,0.406
carbon,large,50,32,True,22,16.725,272.379,16.504,0.439
carbon,large,50,32,True,23,12.762,209.719,14.482,0.36
carbon,large,50,32,True,24,13.899,292.355,17.098,0.374
carbon,large,50,32,True,25,13.606,264.408,16.261,0.362
carbon,large,50,32,True,26,14.054,429.918,20.734,0.363
carbon,large,50,32,True,27,14.065,325.649,18.046,0.359
carbon,large,50,32,True,28,12.6,322.338,17.954,0.315
carbon,large,50,32,True,29,13.375,362.479,19.039,0.331
carbon,large,50,32,True,30,14.575,374.266,19.346,0.358
carbon,large,50,32,True,31,15.444,407.518,20.187,0.37
carbon,large,50,32,True,32,17.159,514.895,22.691,0.404
carbon,large,50,32,True,33,17.12,557.748,23.617,0.388
carbon,large,50,32,True,34,21.82,771.503,27.776,0.479
carbon,large,50,32,True,35,20.843,836.964,28.93,0.44
carbon,large,50,32,True,36,23.229,966.93,31.095,0.475
carbon,large,50,32,True,37,24.256,1337.15,36.567,0.478
carbon,large,50,32,True,38,24.443,1239.754,35.21,0.467
carbon,large,50,32,True,39,25.158,1352.31,36.774,0.471
carbon,large,50,32,True,40,24.154,1342.495,36.64,0.425
carbon,large,50,32,True,41,25.991,1557.641,39.467,0.463
carbon,large,50,32,True,42,26.118,1518.261,38.965,0.461
carbon,large,50,32,True,43,25.708,1335.491,36.544,0.453
carbon,large,50,32,True,44,28.038,1829.785,42.776,0.5
carbon,large,50,32,True,45,28.707,1702.629,41.263,0.521
carbon,large,50,32,True,46,28.596,1457.124,38.172,0.531
carbon,large,50,32,True,47,28.516,1546.573,39.326,0.516
carbon,large,50,32,True,48,28.077,1657.613,40.714,0.508
carbon,large,50,32,True,49,28.929,1681.568,41.007,0.526
carbon,large,50,32,True,50,26.836,1654.907,40.681,0.466
carbon,large,50,32,True,51,28.374,1717.101,41.438,0.5
carbon,large,50,32,True,52,28.796,1696.039,41.183,0.517
carbon,large,50,32,True,53,30.126,1868.05,43.221,0.544
carbon,large,50,32,True,54,34.167,2405.815,49.049,0.675
carbon,large,50,32,True,55,36.198,2492.972,49.93,0.744
carbon,large,50,32,True,56,35.3,2409.615,49.088,0.715
carbon,large,50,32,True,57,37.249,2444.359,49.44,0.794
carbon,large,50,32,True,58,37.843,2647.409,51.453,0.802
carbon,large,50,32,True,59,39.305,2558.712,50.584,0.857
carbon,large,50,32,True,60,39.382,2682.523,51.793,0.856
carbon,large,50,32,True,61,36.363,2236.785,47.295,0.741
carbon,large,50,32,True,62,37.311,2200.54,46.91,0.771
carbon,large,50,32,True,63,34.543,2117.154,46.013,0.67
carbon,large,50,32,True,64,33.87,1952.184,44.184,0.649
carbon,large,50,32,True,65,35.215,2065.901,45.452,0.684
carbon,large,50,32,True,66,37.445,2202.855,46.935,0.754
carbon,large,50,32,True,67,35.774,1997.224,44.69,0.686
carbon,large,50,32,True,68,38.611,2131.572,46.169,0.775
carbon,large,50,32,True,69,35.417,1921.912,43.84,0.649
carbon,large,50,32,True,70,34.302,1925.931,43.885,0.594
carbon,large,50,32,True,71,33.035,1672.182,40.892,0.548
carbon,large,50,32,True,72,34.277,1856.455,43.087,0.555
carbon,large,50,32,True,73,25.336,993.84,31.525,0.37
carbon,large,50,32,True,74,27.128,1316.026,36.277,0.393
carbon,large,50,32,True,75,28.888,1528.999,39.102,0.419
carbon,large,50,32,True,76,31.32,1526.99,39.077,0.457
carbon,large,50,32,True,77,31.533,1370.247,37.017,0.459
carbon,large,50,32,True,78,33.425,1830.553,42.785,0.485
carbon,large,50,32,True,79,32.489,1546.895,39.331,0.466
carbon,large,50,32,True,80,32.83,1588.998,39.862,0.47
carbon,large,50,32,True,81,32.773,1324.12,36.388,0.473
carbon,large,50,32,True,82,31.481,1411.086,37.564,0.463
carbon,large,50,32,True,83,29.11,1407.363,37.515,0.426
carbon,large,50,32,True,84,34.2,1708.616,41.335,0.499
carbon,large,50,32,True,85,34.773,1791.845,42.33,0.504
carbon,large,50,32,True,86,36.247,1858.033,43.105,0.525
carbon,large,50,32,True,87,34.43,1673.377,40.907,0.499
carbon,large,50,32,True,88,37.225,1582.422,39.78,0.535
carbon,large,50,32,True,89,35.373,1596.608,39.958,0.511
carbon,large,50,32,True,90,36.982,1609.761,40.122,0.541
carbon,large,50,32,True,91,37.571,1700.719,41.24,0.553
carbon,large,50,32,True,92,35.383,1312.326,36.226,0.517
carbon,large,50,32,True,93,35.528,1482.157,38.499,0.52
carbon,large,50,32,True,94,37.897,2023.931,44.988,0.573
carbon,large,50,32,True,95,34.27,1542.974,39.281,0.497
carbon,large,50,32,True,96,36.758,1999.03,44.711,0.531
carbon,large,50,32,True,97,39.055,2047.261,45.247,0.562
carbon,large,50,32,True,98,41.979,2420.797,49.202,0.607
carbon,large,50,32,True,99,43.297,2966.397,54.465,0.628
carbon,large,50,32,True,100,47.315,3088.177,55.571,0.707
carbon,large,50,32,True,101,45.641,2568.042,50.676,0.661
carbon,large,50,32,True,102,48.901,3134.465,55.986,0.721
carbon,large,50,32,True,103,46.719,2698.028,51.943,0.678
carbon,large,50,32,True,104,50.265,2967.248,54.472,0.749
carbon,large,50,32,True,105,52.613,3239.458,56.916,0.784
carbon,large,50,32,True,106,53.716,3136.971,56.009,0.794
carbon,large,50,32,True,107,52.067,2847.044,53.358,0.744
carbon,large,50,32,True,108,53.36,3103.815,55.712,0.758
carbon,large,50,32,True,109,53.695,3144.935,56.08,0.749
carbon,large,50,32,True,110,53.642,3008.404,54.849,0.742
carbon,large,50,32,True,111,55.481,2988.097,54.663,0.779
carbon,large,50,32,True,112,57.315,3233.13,56.861,0.801
carbon,large,50,32,True,113,58.812,3397.072,58.284,0.82
carbon,large,50,32,True,114,50.806,2669.891,51.671,0.66
carbon,large,50,32,True,115,50.615,2358.468,48.564,0.657
carbon,large,50,32,True,116,49.833,2431.911,49.314,0.644
carbon,large,50,32,True,117,50.855,2566.979,50.665,0.664
carbon,large,50,32,True,118,47.66,2120.562,46.05,0.611
carbon,large,50,32,True,119,38.006,1058.669,32.537,0.474
carbon,large,50,32,True,120,40.937,1260.779,35.507,0.515
carbon,large,50,32,True,121,37.539,1523.485,39.032,0.476
carbon,large,50,32,True,122,39.73,1507.98,38.833,0.517
carbon,large,50,32,True,123,36.246,1335.142,36.54,0.44
carbon,large,50,32,True,124,38.515,1501.047,38.743,0.475
carbon,large,50,32,True,125,48.247,2200.565,46.91,0.618
carbon,large,50,32,True,126,44.82,1992.197,44.634,0.569
carbon,large,50,32,True,127,45.029,1797.858,42.401,0.571
carbon,large,50,32,True,128,40.267,1607.123,40.089,0.493
carbon,large,50,32,True,129,40.483,1465.948,38.288,0.511
carbon,large,50,32,True,130,37.536,1281.284,35.795,0.454
carbon,large,50,32,True,131,38.159,1178.569,34.33,0.455
carbon,large,50,32,True,132,42.262,1761.752,41.973,0.521
carbon,large,50,32,True,133,37.154,1318.983,36.318,0.442
carbon,large,50,32,True,134,40.305,1933.556,43.972,0.492
carbon,large,50,32,True,135,41.306,1713.587,41.395,0.504
carbon,large,50,32,True,136,41.395,1812.241,42.57,0.504
carbon,large,50,32,True,137,41.721,1675.292,40.93,0.509
carbon,large,50,32,True,138,44.185,2050.039,45.277,0.551
carbon,large,50,32,True,139,49.506,2402.904,49.019,0.64
carbon,large,50,32,True,140,35.005,1286.609,35.869,0.413
carbon,large,50,32,True,141,43.212,1502.384,38.761,0.541
carbon,large,50,32,True,142,36.731,1424.976,37.749,0.444
carbon,large,50,32,True,143,37.925,1480.0,38.471,0.456
carbon,large,50,32,True,144,34.767,1622.008,40.274,0.404
carbon,large,50,32,True,145,32.003,1056.316,32.501,0.366
carbon,large,50,32,True,146,33.03,1269.974,35.637,0.377
carbon,large,50,32,True,147,39.823,1805.396,42.49,0.478
carbon,large,50,32,True,148,38.388,1839.436,42.889,0.441
carbon,large,50,32,True,149,38.844,1905.12,43.648,0.441
carbon,large,50,32,True,150,39.958,2199.178,46.895,0.461
carbon,large,50,32,True,151,37.725,1862.677,43.159,0.421
carbon,large,50,32,True,152,32.09,1631.501,40.392,0.341
carbon,large,50,32,True,153,39.899,2265.126,47.593,0.45
carbon,large,50,32,True,154,42.344,2512.377,50.124,0.475
carbon,large,50,32,True,155,35.735,1813.539,42.586,0.38
carbon,large,50,32,True,156,43.312,2459.414,49.592,0.475
carbon,large,50,32,True,157,43.787,2312.622,48.09,0.481
carbon,large,50,32,True,158,42.851,2403.006,49.02,0.461
carbon,large,50,32,True,159,38.686,1934.65,43.985,0.404
carbon,large,50,32,True,160,44.36,2468.884,49.688,0.481
carbon,large,50,32,True,161,42.18,2424.79,49.242,0.457
carbon,large,50,32,True,162,37.162,2052.107,45.3,0.398
carbon,large,50,32,True,163,40.649,1813.019,42.58,0.44
carbon,large,50,32,True,164,37.993,1946.292,44.117,0.406
carbon,large,50,32,True,165,45.084,2108.983,45.924,0.513
carbon,large,50,32,True,166,44.115,2541.199,50.41,0.492
carbon,large,50,32,True,167,38.921,2060.675,45.395,0.422
carbon,large,50,32,True,168,46.538,2801.433,52.929,0.525
carbon,large,50,32,True,169,44.108,1996.404,44.681,0.487
carbon,large,50,32,True,170,36.226,1846.031,42.965,0.387
carbon,large,50,32,True,171,37.539,1793.988,42.355,0.408
carbon,large,50,32,True,172,37.676,1961.989,44.294,0.403
carbon,large,50,32,True,173,35.523,1583.33,39.791,0.369
carbon,large,50,32,True,174,34.469,1743.424,41.754,0.352
carbon,large,50,32,True,175,38.183,1990.108,44.611,0.394
carbon,large,50,32,True,176,32.924,1572.887,39.66,0.325
carbon,large,50,32,True,177,33.947,1397.05,37.377,0.332
carbon,large,50,32,True,178,33.929,1269.332,35.628,0.338
carbon,large,50,32,True,179,37.2,1879.628,43.355,0.378
carbon,large,50,32,True,180,38.714,2285.31,47.805,0.405
carbon,large,50,32,True,181,36.554,1747.521,41.803,0.369
carbon,large,50,32,True,182,39.857,2324.26,48.211,0.419
carbon,large,50,32,True,183,38.106,1895.56,43.538,0.396
carbon,large,50,32,True,184,36.133,1761.187,41.966,0.37
carbon,large,50,32,True,185,37.058,1810.839,42.554,0.382
carbon,large,50,32,True,186,36.781,1913.923,43.748,0.378
carbon,large,50,32,True,187,35.641,1802.419,42.455,0.367
carbon,large,50,32,True,188,41.294,2593.363,50.925,0.442
carbon,large,50,32,True,189,46.733,3085.991,55.552,0.53
carbon,large,50,32,True,190,44.292,2957.656,54.384,0.491
carbon,large,50,32,True,191,47.88,3085.542,55.548,0.548
carbon,large,50,32,True,192,55.929,4015.231,63.366,0.685
carbon,large,50,32,True,193,46.328,2822.06,53.123,0.519
carbon,large,50,32,True,194,32.006,1346.031,36.688,0.325
carbon,large,50,32,True,195,32.962,1145.5,33.845,0.353
carbon,large,50,32,True,196,28.425,1064.239,32.623,0.289
carbon,large,50,32,True,197,29.917,1119.085,33.453,0.312
carbon,large,50,32,True,198,24.943,767.262,27.699,0.259
carbon,large,50,32,True,199,22.012,614.845,24.796,0.232
carbon,large,50,32,True,200,23.392,797.31,28.237,0.246
