DateTime,Temperatur,Luftfugtighed,Middelvindhastighed,Højeste vindstød,Nedbør,Sigtbarhed,Date
3/1/2025 0:00,-1.0,100,1,"2,5",0,100,2025-03-01 00:00:00
3/1/2025 1:00,-1.7,100,"1,1","2,1",0,100,2025-03-01 01:00:00
3/1/2025 2:00,-1.9,100,2,"2,7",0,100,2025-03-01 02:00:00
3/1/2025 3:00,-2.3,100,"1,4","2,3",0,200,2025-03-01 03:00:00
3/1/2025 4:00,-2.6,100,"1,6","2,9",0,300,2025-03-01 04:00:00
3/1/2025 5:00,-2.5,100,"1,5","2,8",0,500,2025-03-01 05:00:00
3/1/2025 6:00,-1.3,100,1,"1,9",0,400,2025-03-01 06:00:00
3/1/2025 7:00,-0.5,100,2,"5,4",0,400,2025-03-01 07:00:00
3/1/2025 8:00,-0.3,100,"2,1","4,2",0,400,2025-03-01 08:00:00
3/1/2025 9:00,1.2,100,"2,2","5,3",0,600,2025-03-01 09:00:00
3/1/2025 10:00,2.8,100,"2,9","5,8",0,16000,2025-03-01 10:00:00
3/1/2025 11:00,3.5,100,"2,5",5,0,23000,2025-03-01 11:00:00
3/1/2025 12:00,5.9,81,"2,2","4,8",0,30000,2025-03-01 12:00:00
3/1/2025 13:00,7.2,69,3,"6,5",0,30000,2025-03-01 13:00:00
3/1/2025 14:00,7.1,70,3,"6,4",0,40000,2025-03-01 14:00:00
3/1/2025 15:00,7.0,69,"4,1","7,3",0,40000,2025-03-01 15:00:00
3/1/2025 16:00,7.1,69,"3,8","6,4",0,40000,2025-03-01 16:00:00
3/1/2025 17:00,6.6,71,4,"7,1",0,45000,2025-03-01 17:00:00
3/1/2025 18:00,5.0,80,"3,8","6,5",0,50000,2025-03-01 18:00:00
3/1/2025 19:00,3.2,88,3,"5,4",0,45000,2025-03-01 19:00:00
3/1/2025 20:00,2.4,92,"3,7","6,7",0,40000,2025-03-01 20:00:00
3/1/2025 21:00,2.5,94,"3,2","5,1",0,20000,2025-03-01 21:00:00
3/1/2025 22:00,2.8,94,"3,7","6,2",0,16000,2025-03-01 22:00:00
3/1/2025 23:00,3.2,94,"3,5","6,6",0,16000,2025-03-01 23:00:00
3/2/2025 0:00,3.7,92,"3,5","7,2",0,18000,2025-03-02 00:00:00
3/2/2025 1:00,4.3,91,"3,7","7,8",0,20000,2025-03-02 01:00:00
3/2/2025 2:00,4.6,92,"3,8","6,6",0,16000,2025-03-02 02:00:00
3/2/2025 3:00,4.6,93,"3,6","6,9",0,12000,2025-03-02 03:00:00
3/2/2025 4:00,4.8,92,3,"5,9",0,16000,2025-03-02 04:00:00
3/2/2025 5:00,4.9,91,"2,2","4,7",0,17000,2025-03-02 05:00:00
3/2/2025 6:00,4.3,91,3,"5,2",0,16000,2025-03-02 06:00:00
3/2/2025 7:00,4.0,90,"3,1","5,4",0,15000,2025-03-02 07:00:00
3/2/2025 8:00,3.4,93,"2,6","3,9",0,13000,2025-03-02 08:00:00
3/2/2025 9:00,4.3,88,"3,2","5,2",0,18000,2025-03-02 09:00:00
3/2/2025 10:00,5.3,80,"4,3","6,3",0,24000,2025-03-02 10:00:00
3/2/2025 11:00,6.8,73,"4,3","7,4",0,25000,2025-03-02 11:00:00
3/2/2025 12:00,8.1,59,"5,1","8,4",0,26000,2025-03-02 12:00:00
3/2/2025 13:00,8.1,62,"5,5","10,3",0,30000,2025-03-02 13:00:00
3/2/2025 14:00,8.6,59,"5,8","9,8",0,30000,2025-03-02 14:00:00
3/2/2025 15:00,8.8,59,"5,4","10,5",0,30000,2025-03-02 15:00:00
3/2/2025 16:00,7.5,64,"6,4","12,7",0,45000,2025-03-02 16:00:00
3/2/2025 17:00,6.7,66,"6,3","10,2",0,50000,2025-03-02 17:00:00
3/2/2025 18:00,5.7,72,"4,2","7,9",0,35000,2025-03-02 18:00:00
3/2/2025 19:00,5.0,76,"4,3","8,2",0,35000,2025-03-02 19:00:00
3/2/2025 20:00,4.4,82,"4,1","7,6",0,40000,2025-03-02 20:00:00
3/2/2025 21:00,3.9,86,"3,9","6,2",0,35000,2025-03-02 21:00:00
3/2/2025 22:00,4.6,80,5,9,0,50000,2025-03-02 22:00:00
3/2/2025 23:00,4.8,82,"4,7","8,4",0,50000,2025-03-02 23:00:00
3/3/2025 0:00,5.1,81,"6,3","12,4",0,40000,2025-03-03 00:00:00
3/3/2025 1:00,5.1,81,"6,9","11,8",0,50000,2025-03-03 01:00:00
3/3/2025 2:00,4.7,80,"4,9","9,4",0,50000,2025-03-03 02:00:00
3/3/2025 3:00,4.9,83,"5,1","8,4",0,40000,2025-03-03 03:00:00
3/3/2025 4:00,4.7,85,"4,1","6,7",0,30000,2025-03-03 04:00:00
3/3/2025 5:00,4.8,87,"5,1","9,2",0,26000,2025-03-03 05:00:00
3/3/2025 6:00,5.0,87,"5,7","8,6",0,21000,2025-03-03 06:00:00
3/3/2025 7:00,5.3,86,"4,6","6,8",0,22000,2025-03-03 07:00:00
3/3/2025 8:00,5.8,84,4,"7,5",0,27000,2025-03-03 08:00:00
3/3/2025 9:00,6.2,79,"5,6","8,9",0,29000,2025-03-03 09:00:00
3/3/2025 10:00,7.0,75,"5,8",13,0,35000,2025-03-03 10:00:00
3/3/2025 11:00,7.4,76,"5,6","11,7",0,28000,2025-03-03 11:00:00
3/3/2025 12:00,7.5,78,"5,2","9,4",0,24000,2025-03-03 12:00:00
3/3/2025 13:00,8.0,78,"6,8","11,6",0,25000,2025-03-03 13:00:00
3/3/2025 14:00,7.9,77,"5,5","10,3",0,24000,2025-03-03 14:00:00
3/3/2025 15:00,8.4,78,"5,1","10,1",0,23000,2025-03-03 15:00:00
3/3/2025 16:00,7.6,79,"5,6","12,1",0,23000,2025-03-03 16:00:00
3/3/2025 17:00,7.4,82,"5,4",8,0,26000,2025-03-03 17:00:00
3/3/2025 18:00,6.0,87,"4,7","7,6",0,18000,2025-03-03 18:00:00
3/3/2025 19:00,5.9,88,"4,1",7,0,17000,2025-03-03 19:00:00
3/3/2025 20:00,5.4,90,"4,2","6,3",0,17000,2025-03-03 20:00:00
3/3/2025 21:00,5.4,92,"4,1","6,4",0,17000,2025-03-03 21:00:00
3/3/2025 22:00,6.0,88,"4,9","8,7",0,22000,2025-03-03 22:00:00
3/3/2025 23:00,5.7,88,"5,5","7,9",0,30000,2025-03-03 23:00:00
3/4/2025 0:00,5.6,92,"6,6","9,7",0,20000,2025-03-04 00:00:00
3/4/2025 1:00,5.7,89,"6,1","10,9",0,40000,2025-03-04 01:00:00
3/4/2025 2:00,5.9,87,"5,5","9,3",0,30000,2025-03-04 02:00:00
3/4/2025 3:00,5.7,85,"5,7","10,1",0,30000,2025-03-04 03:00:00
3/4/2025 4:00,5.0,88,"5,5","9,1",0,23000,2025-03-04 04:00:00
3/4/2025 5:00,4.6,89,"5,7","9,3",0,20000,2025-03-04 05:00:00
3/4/2025 6:00,5.0,92,"4,5","7,5",0,23000,2025-03-04 06:00:00
3/4/2025 7:00,5.7,92,"4,8","8,3",0,20000,2025-03-04 07:00:00
3/4/2025 8:00,6.2,90,"4,9","8,9",0,21000,2025-03-04 08:00:00
3/4/2025 9:00,6.8,86,"4,8","9,2",0,25000,2025-03-04 09:00:00
3/4/2025 10:00,7.0,79,"6,7","11,9",0,29000,2025-03-04 10:00:00
3/4/2025 11:00,8.0,77,"5,8","11,8",0,35000,2025-03-04 11:00:00
3/4/2025 12:00,9.2,74,"6,4","11,6",0,40000,2025-03-04 12:00:00
3/4/2025 13:00,8.9,75,"5,4","11,2",0,45000,2025-03-04 13:00:00
3/4/2025 14:00,9.5,74,6,"10,6",0,45000,2025-03-04 14:00:00
3/4/2025 15:00,9.7,72,"5,6","10,1",0,45000,2025-03-04 15:00:00
3/4/2025 16:00,9.0,76,"4,5","8,3",0,45000,2025-03-04 16:00:00
3/4/2025 17:00,8.0,80,"4,3","7,7",0,40000,2025-03-04 17:00:00
3/4/2025 18:00,7.4,80,"4,6","8,5",0,45000,2025-03-04 18:00:00
3/4/2025 19:00,6.9,80,"5,3","8,9",0,40000,2025-03-04 19:00:00
3/4/2025 20:00,6.8,78,"5,9",10,0,40000,2025-03-04 20:00:00
3/4/2025 21:00,6.2,78,"5,4","9,2",0,40000,2025-03-04 21:00:00
3/4/2025 22:00,6.0,78,"7,2","12,8",0,40000,2025-03-04 22:00:00
3/4/2025 23:00,6.0,77,"7,6","13,3",0,35000,2025-03-04 23:00:00
3/5/2025 0:00,5.9,79,"6,9","11,1",0,30000,2025-03-05 00:00:00
3/5/2025 1:00,5.8,80,"7,3","11,6",0,26000,2025-03-05 01:00:00
3/5/2025 2:00,5.4,82,"7,5",11,0,21000,2025-03-05 02:00:00
3/5/2025 3:00,5.1,80,"6,2","11,3",0,21000,2025-03-05 03:00:00
3/5/2025 4:00,5.4,75,"7,1","12,7",0,24000,2025-03-05 04:00:00
3/5/2025 5:00,5.0,74,"5,3","8,3",0,22000,2025-03-05 05:00:00
3/5/2025 6:00,5.2,72,"6,7","11,1",0,22000,2025-03-05 06:00:00
3/5/2025 7:00,4.9,74,"6,2","9,5",0,17000,2025-03-05 07:00:00
3/5/2025 8:00,5.3,75,"5,9","10,1",0,15000,2025-03-05 08:00:00
3/5/2025 9:00,6.1,73,"6,2","9,8",0,16000,2025-03-05 09:00:00
3/5/2025 10:00,7.0,73,"7,1","10,9",0,16000,2025-03-05 10:00:00
3/5/2025 11:00,8.2,71,"6,3","9,5",0,18000,2025-03-05 11:00:00
3/5/2025 12:00,9.8,69,"7,7","12,6",0,21000,2025-03-05 12:00:00
3/5/2025 13:00,10.8,69,"7,4","12,4",0,21000,2025-03-05 13:00:00
3/5/2025 14:00,11.2,68,8,"12,8",0,22000,2025-03-05 14:00:00
3/5/2025 15:00,11.2,70,"7,4","12,5",0,26000,2025-03-05 15:00:00
3/5/2025 16:00,11.0,73,"8,5","14,2",0,35000,2025-03-05 16:00:00
3/5/2025 17:00,10.3,72,"8,1","13,8",0,26000,2025-03-05 17:00:00
3/5/2025 18:00,9.0,71,"6,1","11,7",0,30000,2025-03-05 18:00:00
3/5/2025 19:00,7.2,73,6,"10,6",0,24000,2025-03-05 19:00:00
3/5/2025 20:00,6.1,68,"6,7","12,1",0,21000,2025-03-05 20:00:00
3/5/2025 21:00,5.9,66,"4,8","8,3",0,23000,2025-03-05 21:00:00
3/5/2025 22:00,5.9,65,"4,6","7,3",0,26000,2025-03-05 22:00:00
3/5/2025 23:00,5.5,67,"4,6","6,9",0,24000,2025-03-05 23:00:00
3/6/2025 0:00,5.4,69,"5,3","8,6",0,23000,2025-03-06 00:00:00
3/6/2025 1:00,5.1,72,"4,5","7,7",0,17000,2025-03-06 01:00:00
3/6/2025 2:00,4.9,75,"4,2","7,1",0,16000,2025-03-06 02:00:00
3/6/2025 3:00,4.7,77,"4,4","6,7",0,16000,2025-03-06 03:00:00
3/6/2025 4:00,4.3,80,"4,3","8,6",0,13000,2025-03-06 04:00:00
3/6/2025 5:00,4.0,81,"3,1","5,1",0,12000,2025-03-06 05:00:00
3/6/2025 6:00,3.8,83,"3,6","4,6",0,11000,2025-03-06 06:00:00
3/6/2025 7:00,3.4,84,"2,6","4,5",0,10000,2025-03-06 07:00:00
3/6/2025 8:00,3.8,83,"2,9","4,4",0,10000,2025-03-06 08:00:00
3/6/2025 9:00,5.9,78,"3,1","4,5",0,10000,2025-03-06 09:00:00
3/6/2025 10:00,7.4,72,5,"7,8",0,11000,2025-03-06 10:00:00
3/6/2025 11:00,9.4,63,"4,3","6,6",0,13000,2025-03-06 11:00:00
3/6/2025 12:00,11.6,52,"4,3","6,5",0,18000,2025-03-06 12:00:00
3/6/2025 13:00,12.7,49,"6,2","9,3",0,20000,2025-03-06 13:00:00
3/6/2025 14:00,13.5,47,"5,9",9,0,27000,2025-03-06 14:00:00
3/6/2025 15:00,13.7,42,6,10,0,24000,2025-03-06 15:00:00
3/6/2025 16:00,13.1,48,"5,3","7,2",0,18000,2025-03-06 16:00:00
3/6/2025 17:00,11.8,52,"4,4","6,9",0,18000,2025-03-06 17:00:00
3/6/2025 18:00,9.5,59,"3,9","5,3",0,13000,2025-03-06 18:00:00
3/6/2025 19:00,7.5,70,"3,1","3,9",0,9000,2025-03-06 19:00:00
3/6/2025 20:00,5.9,75,"2,4","3,8",0,7000,2025-03-06 20:00:00
3/6/2025 21:00,5.8,74,"2,9","4,1",0,8000,2025-03-06 21:00:00
3/6/2025 22:00,5.3,78,3,"4,4",0,7000,2025-03-06 22:00:00
3/6/2025 23:00,5.3,80,"2,1","3,8",0,6000,2025-03-06 23:00:00
3/7/2025 0:00,5.1,82,"2,9","4,2",0,6000,2025-03-07 00:00:00
3/7/2025 1:00,5.2,83,"2,6",4,0,6000,2025-03-07 01:00:00
3/7/2025 2:00,4.9,85,"2,6",4,0,5000,2025-03-07 02:00:00
3/7/2025 3:00,5.3,83,"3,1","4,9",0,6000,2025-03-07 03:00:00
3/7/2025 4:00,4.5,82,"1,7","3,1",0,6000,2025-03-07 04:00:00
3/7/2025 5:00,4.1,85,"2,2","3,3",0,6000,2025-03-07 05:00:00
3/7/2025 6:00,1.6,95,"1,3","1,8",0,1900,2025-03-07 06:00:00
3/7/2025 7:00,0.9,94,"0,7","1,5",0,2000,2025-03-07 07:00:00
3/7/2025 8:00,2.0,98,"1,3","1,8",0,1800,2025-03-07 08:00:00
3/7/2025 9:00,7.5,77,"0,9","1,5",0,6000,2025-03-07 09:00:00
3/7/2025 10:00,8.6,69,"2,2","3,8",0,10000,2025-03-07 10:00:00
3/7/2025 11:00,9.6,68,"3,6","4,6",0,11000,2025-03-07 11:00:00
3/7/2025 12:00,12.4,59,3,"4,2",0,13000,2025-03-07 12:00:00
3/7/2025 13:00,13.2,50,"4,6","5,8",0,19000,2025-03-07 13:00:00
3/7/2025 14:00,14.0,49,"4,1","6,4",0,18000,2025-03-07 14:00:00
3/7/2025 15:00,14.4,48,"3,4","5,1",0,17000,2025-03-07 15:00:00
3/7/2025 16:00,14.3,50,"4,5","7,1",0,22000,2025-03-07 16:00:00
3/7/2025 17:00,13.0,53,"3,2","4,4",0,24000,2025-03-07 17:00:00
3/7/2025 18:00,12.0,54,"2,5","3,9",0,24000,2025-03-07 18:00:00
3/7/2025 19:00,8.6,69,"1,8","2,7",0,19000,2025-03-07 19:00:00
3/7/2025 20:00,9.2,64,"2,4","4,4",0,26000,2025-03-07 20:00:00
3/7/2025 21:00,7.9,72,"3,1","3,9",0,19000,2025-03-07 21:00:00
3/7/2025 22:00,8.3,71,"2,3","3,2",0,16000,2025-03-07 22:00:00
3/7/2025 23:00,7.6,74,"2,6","3,5",0,14000,2025-03-07 23:00:00
3/8/2025 0:00,4.8,84,"0,8","1,8",0,10000,2025-03-08 00:00:00
3/8/2025 1:00,3.0,91,"0,6",1,0,7000,2025-03-08 01:00:00
3/8/2025 2:00,3.5,94,"1,2","2,2",0,6000,2025-03-08 02:00:00
3/8/2025 3:00,2.0,94,"0,5","0,9",0,2600,2025-03-08 03:00:00
3/8/2025 4:00,1.1,96,"0,5","0,8",0,2900,2025-03-08 04:00:00
3/8/2025 5:00,0.5,98,"0,9","1,1",0,2400,2025-03-08 05:00:00
3/8/2025 6:00,0.1,98,"0,8","1,1",0,2400,2025-03-08 06:00:00
3/8/2025 7:00,-0.2,99,"0,7",1,0,1200,2025-03-08 07:00:00
3/8/2025 8:00,1.4,99,0,"0,5",0,1700,2025-03-08 08:00:00
3/8/2025 9:00,4.1,99,"0,4","0,7",0,4800,2025-03-08 09:00:00
3/8/2025 10:00,8.1,80,1,"1,9",0,9000,2025-03-08 10:00:00
3/8/2025 11:00,10.1,68,"1,9",3,0,12000,2025-03-08 11:00:00
3/8/2025 12:00,12.0,65,"1,9","3,3",0,13000,2025-03-08 12:00:00
3/8/2025 13:00,11.8,64,"2,2","3,8",0,11000,2025-03-08 13:00:00
3/8/2025 14:00,11.3,66,"2,1","3,9",0,12000,2025-03-08 14:00:00
3/8/2025 15:00,11.3,66,"1,4","2,6",0,14000,2025-03-08 15:00:00
3/8/2025 16:00,11.0,67,"1,5","3,3",0,12000,2025-03-08 16:00:00
3/8/2025 17:00,8.6,73,"1,8","3,1",0,10000,2025-03-08 17:00:00
3/8/2025 18:00,7.5,78,"1,7","2,6",0,8000,2025-03-08 18:00:00
3/8/2025 19:00,5.1,87,"1,2","1,8",0,6000,2025-03-08 19:00:00
3/8/2025 20:00,4.1,93,1,"1,8",0,4300,2025-03-08 20:00:00
3/8/2025 21:00,2.8,96,"0,6","0,8",0,1200,2025-03-08 21:00:00
3/8/2025 22:00,1.5,98,"0,4","0,7",0,600,2025-03-08 22:00:00
3/8/2025 23:00,1.2,99,"0,4","0,5",0,900,2025-03-08 23:00:00
3/9/2025 0:00,0.6,99,"0,4","0,7",0,900,2025-03-09 00:00:00
3/9/2025 1:00,0.1,99,"0,4","0,6",0,800,2025-03-09 01:00:00
3/9/2025 2:00,-0.4,99,"0,3","0,5",0,900,2025-03-09 02:00:00
3/9/2025 3:00,-0.8,100,"0,3","0,7",0,100,2025-03-09 03:00:00
3/9/2025 4:00,-0.5,100,"0,6","0,9",0,100,2025-03-09 04:00:00
3/9/2025 5:00,-0.6,100,"0,4","0,7",0,100,2025-03-09 05:00:00
3/9/2025 6:00,-0.5,100,"0,6","0,8",0,200,2025-03-09 06:00:00
3/9/2025 7:00,-0.7,100,0,"0,5",0,50,2025-03-09 07:00:00
3/9/2025 8:00,1.0,100,"0,4","0,7",0,50,2025-03-09 08:00:00
3/9/2025 9:00,3.5,100,"0,9","1,6",0,100,2025-03-09 09:00:00
3/9/2025 10:00,4.7,100,"1,3","2,1",0,900,2025-03-09 10:00:00
3/9/2025 11:00,7.0,84,"1,6","2,4",0,8000,2025-03-09 11:00:00
3/9/2025 12:00,9.4,69,"1,5","2,8",0,10000,2025-03-09 12:00:00
3/9/2025 13:00,11.1,58,"2,1","3,7",0,10000,2025-03-09 13:00:00
3/9/2025 14:00,11.7,52,"2,4","4,2",0,16000,2025-03-09 14:00:00
3/9/2025 15:00,12.3,52,"2,1","3,9",0,16000,2025-03-09 15:00:00
3/9/2025 16:00,11.7,52,"2,2","3,8",0,19000,2025-03-09 16:00:00
3/9/2025 17:00,10.5,58,"2,2","4,3",0,18000,2025-03-09 17:00:00
3/9/2025 18:00,8.9,66,"1,7","2,6",0,15000,2025-03-09 18:00:00
3/9/2025 19:00,6.5,78,"1,8","2,8",0,10000,2025-03-09 19:00:00
3/9/2025 20:00,4.9,82,"1,5","2,4",0,7000,2025-03-09 20:00:00
3/9/2025 21:00,3.4,92,"1,6","2,2",0,3800,2025-03-09 21:00:00
3/9/2025 22:00,2.8,92,"1,7","2,6",0,4000,2025-03-09 22:00:00
3/9/2025 23:00,3.0,94,"1,4","2,6",0,4200,2025-03-09 23:00:00
3/10/2025 0:00,2.2,95,1,"1,8",0,2500,2025-03-10 00:00:00
3/10/2025 1:00,2.7,94,"2,4","3,7",0,5000,2025-03-10 01:00:00
3/10/2025 2:00,2.6,91,1,"2,1",0,7000,2025-03-10 02:00:00
3/10/2025 3:00,0.6,96,"1,4","1,9",0,2300,2025-03-10 03:00:00
3/10/2025 4:00,0.1,98,"1,2","1,8",0,1200,2025-03-10 04:00:00
3/10/2025 5:00,-0.2,99,1,"1,6",0,1700,2025-03-10 05:00:00
3/10/2025 6:00,-1.8,99,1,2,0,2100,2025-03-10 06:00:00
3/10/2025 7:00,-1.7,99,"1,5","2,4",0,1900,2025-03-10 07:00:00
3/10/2025 8:00,0.8,100,2,"2,9",0,3200,2025-03-10 08:00:00
3/10/2025 9:00,3.9,88,"2,1","3,3",0,9000,2025-03-10 09:00:00
3/10/2025 10:00,7.5,73,"2,1","3,2",0,13000,2025-03-10 10:00:00
3/10/2025 11:00,9.6,59,"2,8","5,8",0,15000,2025-03-10 11:00:00
3/10/2025 12:00,11.2,51,"3,1","5,5",0,20000,2025-03-10 12:00:00
3/10/2025 13:00,12.7,51,"2,5","4,3",0,18000,2025-03-10 13:00:00
3/10/2025 14:00,12.1,47,"3,6","6,2",0,18000,2025-03-10 14:00:00
3/10/2025 15:00,12.2,52,"3,1","5,2",0,24000,2025-03-10 15:00:00
3/10/2025 16:00,12.0,57,"3,2","6,9",0,30000,2025-03-10 16:00:00
3/10/2025 17:00,11.2,62,"2,3","3,9",0,40000,2025-03-10 17:00:00
3/10/2025 18:00,9.4,70,"1,8","3,8",0,30000,2025-03-10 18:00:00
3/10/2025 19:00,7.8,83,"2,5",4,0,25000,2025-03-10 19:00:00
3/10/2025 20:00,5.8,92,2,"3,6",0,19000,2025-03-10 20:00:00
3/10/2025 21:00,4.9,95,"1,8","3,5",0,14000,2025-03-10 21:00:00
3/10/2025 22:00,4.8,97,"3,1","6,1",0,2700,2025-03-10 22:00:00
3/10/2025 23:00,4.2,99,"1,9","4,9",0,1100,2025-03-10 23:00:00
3/11/2025 0:00,4.6,100,"2,3",5,0,1300,2025-03-11 00:00:00
3/11/2025 1:00,3.8,99,"3,1","5,8",0,7000,2025-03-11 01:00:00
3/11/2025 2:00,3.5,96,"2,6",5,0,13000,2025-03-11 02:00:00
3/11/2025 3:00,3.5,95,"2,1","3,8",0,14000,2025-03-11 03:00:00
3/11/2025 4:00,3.4,95,"2,2","3,9",0,11000,2025-03-11 04:00:00
3/11/2025 5:00,3.1,95,"2,4","4,6",0,13000,2025-03-11 05:00:00
3/11/2025 6:00,3.2,93,"1,7","3,1",0,14000,2025-03-11 06:00:00
3/11/2025 7:00,2.8,95,"2,1","3,7",0,9000,2025-03-11 07:00:00
3/11/2025 8:00,2.9,95,"0,6","1,1",0,9000,2025-03-11 08:00:00
3/11/2025 9:00,3.5,93,"1,2","2,9",0,8000,2025-03-11 09:00:00
3/11/2025 10:00,3.9,93,"2,3","4,2",0,8000,2025-03-11 10:00:00
3/11/2025 11:00,3.6,95,"1,1",2,0,5000,2025-03-11 11:00:00
3/11/2025 12:00,4.1,90,"2,1","3,3",0,10000,2025-03-11 12:00:00
3/11/2025 13:00,3.7,94,"0,8","1,6","0,1",4400,2025-03-11 13:00:00
3/11/2025 14:00,3.6,98,"1,9","3,4","2,5",3400,2025-03-11 14:00:00
3/11/2025 15:00,3.9,98,1,"2,1","0,6",9000,2025-03-11 15:00:00
3/11/2025 16:00,4.2,97,"2,5","3,9",0,8000,2025-03-11 16:00:00
3/11/2025 17:00,3.7,98,"1,2",2,0,3300,2025-03-11 17:00:00
3/11/2025 18:00,4.0,98,"1,5","2,9","0,3",5000,2025-03-11 18:00:00
3/11/2025 19:00,3.8,99,"1,7","3,8",0,700,2025-03-11 19:00:00
3/11/2025 20:00,4.0,100,"2,2","3,6","0,3",1100,2025-03-11 20:00:00
3/11/2025 21:00,3.9,100,"3,6","5,6","0,3",2700,2025-03-11 21:00:00
3/11/2025 22:00,3.1,99,2,"2,9","0,5",9000,2025-03-11 22:00:00
3/11/2025 23:00,2.5,97,2,"2,9","1,1",4700,2025-03-11 23:00:00
3/12/2025 0:00,2.2,98,"0,7","1,5","0,8",11000,2025-03-12 00:00:00
3/12/2025 1:00,2.0,96,1,"1,9","0,3",22000,2025-03-12 01:00:00
3/12/2025 2:00,2.0,97,"1,9","2,7",0,16000,2025-03-12 02:00:00
3/12/2025 3:00,1.9,97,"1,4",2,0,22000,2025-03-12 03:00:00
3/12/2025 4:00,1.8,97,"1,2","1,6","0,1",21000,2025-03-12 04:00:00
3/12/2025 5:00,1.2,99,1,"1,9",0,11000,2025-03-12 05:00:00
3/12/2025 6:00,1.6,99,"1,6",3,0,11000,2025-03-12 06:00:00
3/12/2025 7:00,1.5,99,1,"1,9",0,7000,2025-03-12 07:00:00
3/12/2025 8:00,2.0,99,"2,6","3,7",0,15000,2025-03-12 08:00:00
3/12/2025 9:00,2.3,96,"2,4","4,1",0,30000,2025-03-12 09:00:00
3/12/2025 10:00,2.8,94,"2,7","3,6",0,23000,2025-03-12 10:00:00
3/12/2025 11:00,3.6,88,"3,2","4,6",0,35000,2025-03-12 11:00:00
3/12/2025 12:00,4.0,84,"2,9","4,1",0,45000,2025-03-12 12:00:00
3/12/2025 13:00,4.5,80,"2,4","3,6",0,45000,2025-03-12 13:00:00
3/12/2025 14:00,4.8,78,"3,6","5,5",0,50000,2025-03-12 14:00:00
3/12/2025 15:00,4.7,74,"4,8","6,9",0,50000,2025-03-12 15:00:00
3/12/2025 16:00,4.9,69,"3,5",5,0,50000,2025-03-12 16:00:00
3/12/2025 17:00,4.9,72,"3,3","4,5",0,50000,2025-03-12 17:00:00
3/12/2025 18:00,4.4,81,"2,4","4,1",0,50000,2025-03-12 18:00:00
3/12/2025 19:00,2.8,91,"3,8","4,9","0,2",11000,2025-03-12 19:00:00
3/12/2025 20:00,2.7,93,"3,3","4,9","0,4",30000,2025-03-12 20:00:00
3/12/2025 21:00,2.5,95,"1,4","2,1","0,1",50000,2025-03-12 21:00:00
3/12/2025 22:00,2.3,95,"2,5","3,4",0,40000,2025-03-12 22:00:00
3/12/2025 23:00,1.8,97,"0,9","1,8",0,17000,2025-03-12 23:00:00
3/13/2025 0:00,1.8,97,"1,4",2,0,40000,2025-03-13 00:00:00
3/13/2025 1:00,1.5,98,"0,7","1,1",0,9000,2025-03-13 01:00:00
3/13/2025 2:00,0.9,98,"0,6","0,9",0,5000,2025-03-13 02:00:00
3/13/2025 3:00,1.2,99,"0,6","0,8",0,5000,2025-03-13 03:00:00
3/13/2025 4:00,1.3,99,"0,8","1,1",0,6000,2025-03-13 04:00:00
3/13/2025 5:00,1.1,99,"0,5","0,8",0,3200,2025-03-13 05:00:00
3/13/2025 6:00,1.2,100,"0,9","1,9",0,6000,2025-03-13 06:00:00
3/13/2025 7:00,1.3,100,"0,7","1,2",0,5000,2025-03-13 07:00:00
3/13/2025 8:00,1.4,100,"0,5","1,2",0,15000,2025-03-13 08:00:00
3/13/2025 9:00,2.0,100,"1,4","2,5",0,14000,2025-03-13 09:00:00
3/13/2025 10:00,2.1,95,"1,6","2,9",0,30000,2025-03-13 10:00:00
3/13/2025 11:00,2.9,89,"1,8",3,0,30000,2025-03-13 11:00:00
3/13/2025 12:00,3.1,85,"2,3",4,0,30000,2025-03-13 12:00:00
3/13/2025 13:00,3.7,80,2,"4,1",0,45000,2025-03-13 13:00:00
3/13/2025 14:00,2.9,82,"1,2","2,5",0,35000,2025-03-13 14:00:00
3/13/2025 15:00,1.8,92,"2,3",4,"0,6",11000,2025-03-13 15:00:00
3/13/2025 16:00,2.7,89,"2,1","3,9",0,40000,2025-03-13 16:00:00
3/13/2025 17:00,2.2,87,"1,8","2,6",0,50000,2025-03-13 17:00:00
3/13/2025 18:00,1.9,95,"1,2","2,3","0,2",18000,2025-03-13 18:00:00
3/13/2025 19:00,1.6,94,"2,1","3,6",0,19000,2025-03-13 19:00:00
3/13/2025 20:00,1.5,95,"1,6","3,2",0,19000,2025-03-13 20:00:00
3/13/2025 21:00,1.6,92,"2,6","5,3",0,30000,2025-03-13 21:00:00
3/13/2025 22:00,1.3,89,"3,6","6,3",0,35000,2025-03-13 22:00:00
3/13/2025 23:00,0.9,92,"3,6","6,9",0,30000,2025-03-13 23:00:00
3/14/2025 0:00,0.4,94,"2,4","4,2",0,14000,2025-03-14 00:00:00
3/14/2025 1:00,-0.2,94,"2,8","5,7",0,16000,2025-03-14 01:00:00
3/14/2025 2:00,-0.6,93,3,"5,7","0,1",21000,2025-03-14 02:00:00
3/14/2025 3:00,-0.8,91,"3,1","5,9",0,40000,2025-03-14 03:00:00
3/14/2025 4:00,-1.0,90,"2,6","4,5",0,30000,2025-03-14 04:00:00
3/14/2025 5:00,-1.0,86,"2,9","4,7",0,50000,2025-03-14 05:00:00
3/14/2025 6:00,-1.1,84,"2,4","5,1",0,50000,2025-03-14 06:00:00
3/14/2025 7:00,-1.9,85,"2,2","3,6",0,50000,2025-03-14 07:00:00
3/14/2025 8:00,-1.5,82,"1,8","3,2",0,50000,2025-03-14 08:00:00
3/14/2025 9:00,-0.1,63,"4,4","7,6",0,45000,2025-03-14 09:00:00
3/14/2025 10:00,1.5,55,"4,3",9,0,40000,2025-03-14 10:00:00
3/14/2025 11:00,2.1,52,"4,5","7,5",0,45000,2025-03-14 11:00:00
3/14/2025 12:00,2.0,54,"4,3","7,6",0,45000,2025-03-14 12:00:00
3/14/2025 13:00,2.6,51,"4,3","8,1",0,40000,2025-03-14 13:00:00
3/14/2025 14:00,2.6,52,"4,2","7,7",0,45000,2025-03-14 14:00:00
3/14/2025 15:00,3.1,52,"3,9","7,8",0,45000,2025-03-14 15:00:00
3/14/2025 16:00,3.1,47,"3,9","6,5",0,40000,2025-03-14 16:00:00
3/14/2025 17:00,2.5,48,"3,6","6,6",0,50000,2025-03-14 17:00:00
3/14/2025 18:00,1.3,56,"2,5","4,3",0,50000,2025-03-14 18:00:00
3/14/2025 19:00,-1.8,70,"1,5","2,2",0,50000,2025-03-14 19:00:00
3/14/2025 20:00,-2.8,79,"1,4","2,1",0,50000,2025-03-14 20:00:00
3/14/2025 21:00,-3.6,89,"0,6","0,9",0,50000,2025-03-14 21:00:00
3/14/2025 22:00,-3.9,91,"1,1","1,3",0,45000,2025-03-14 22:00:00
3/14/2025 23:00,-4.7,92,"0,6","0,9",0,45000,2025-03-14 23:00:00
3/15/2025 0:00,-5.4,94,"0,7",1,0,35000,2025-03-15 00:00:00
3/15/2025 1:00,-6.1,95,"0,6","0,8",0,27000,2025-03-15 01:00:00
3/15/2025 2:00,-6.3,96,"0,6","0,9",0,27000,2025-03-15 02:00:00
3/15/2025 3:00,-6.7,96,"0,8","1,1",0,27000,2025-03-15 03:00:00
3/15/2025 4:00,-6.9,96,"0,6","0,9",0,28000,2025-03-15 04:00:00
3/15/2025 5:00,-7.3,96,"0,7","0,9",0,26000,2025-03-15 05:00:00
3/15/2025 6:00,-7.7,95,"1,1","1,6",0,25000,2025-03-15 06:00:00
3/15/2025 7:00,-7.0,96,"0,5","0,6",0,18000,2025-03-15 07:00:00
3/15/2025 8:00,-3.0,95,1,"1,5",0,40000,2025-03-15 08:00:00
3/15/2025 9:00,0.1,79,"1,9","2,6",0,45000,2025-03-15 09:00:00
3/15/2025 10:00,2.3,70,"3,6","4,6",0,45000,2025-03-15 10:00:00
3/15/2025 11:00,3.3,67,"3,2",5,0,40000,2025-03-15 11:00:00
3/15/2025 12:00,4.5,59,"3,1","5,4",0,35000,2025-03-15 12:00:00
3/15/2025 13:00,5.8,50,"2,3",5,0,45000,2025-03-15 13:00:00
3/15/2025 14:00,6.9,49,"2,9","6,1",0,30000,2025-03-15 14:00:00
3/15/2025 15:00,6.7,51,"3,5","7,2",0,40000,2025-03-15 15:00:00
3/15/2025 16:00,7.3,49,"2,6","5,9",0,40000,2025-03-15 16:00:00
3/15/2025 17:00,6.4,51,"2,6",5,0,45000,2025-03-15 17:00:00
3/15/2025 18:00,5.5,56,"1,8","3,3",0,50000,2025-03-15 18:00:00
3/15/2025 19:00,5.0,62,"2,4","4,6",0,50000,2025-03-15 19:00:00
3/15/2025 20:00,4.3,69,"2,5","4,8",0,50000,2025-03-15 20:00:00
3/15/2025 21:00,2.4,78,"1,6","2,5",0,50000,2025-03-15 21:00:00
3/15/2025 22:00,2.4,81,"2,5","3,7",0,50000,2025-03-15 22:00:00
3/15/2025 23:00,1.8,86,"3,1","6,1",0,50000,2025-03-15 23:00:00
3/16/2025 0:00,1.3,90,"3,7","5,3",0,45000,2025-03-16 00:00:00
3/16/2025 1:00,1.7,92,"4,2","7,1",0,40000,2025-03-16 01:00:00
3/16/2025 2:00,1.5,93,"4,3","6,5",0,40000,2025-03-16 02:00:00
3/16/2025 3:00,1.2,94,"4,1","6,4",0,30000,2025-03-16 03:00:00
3/16/2025 4:00,2.3,93,3,"5,9",0,35000,2025-03-16 04:00:00
3/16/2025 5:00,3.4,90,"3,6","7,9",0,30000,2025-03-16 05:00:00
3/16/2025 6:00,3.4,90,4,"7,8",0,40000,2025-03-16 06:00:00
3/16/2025 7:00,3.7,91,"3,9","6,3",0,45000,2025-03-16 07:00:00
3/16/2025 8:00,4.3,93,"3,9","7,2",0,15000,2025-03-16 08:00:00
3/16/2025 9:00,5.7,87,"3,2","6,5",0,35000,2025-03-16 09:00:00
3/16/2025 10:00,7.1,76,"4,2","8,5",0,35000,2025-03-16 10:00:00
3/16/2025 11:00,7.4,66,"4,2","8,6",0,40000,2025-03-16 11:00:00
3/16/2025 12:00,8.4,60,"4,5","8,3",0,30000,2025-03-16 12:00:00
3/16/2025 13:00,9.7,54,3,"6,4",0,35000,2025-03-16 13:00:00
3/16/2025 14:00,9.5,51,"3,3","7,5",0,40000,2025-03-16 14:00:00
3/16/2025 15:00,7.8,58,"5,6","10,5",0,50000,2025-03-16 15:00:00
3/16/2025 16:00,7.4,53,"5,6","9,6",0,45000,2025-03-16 16:00:00
3/16/2025 17:00,6.1,44,"5,8","10,1",0,45000,2025-03-16 17:00:00
3/16/2025 18:00,4.7,46,"4,8","10,2",0,50000,2025-03-16 18:00:00
3/16/2025 19:00,3.7,49,"3,5","6,7",0,50000,2025-03-16 19:00:00
3/16/2025 20:00,2.7,64,"4,2","7,4",0,50000,2025-03-16 20:00:00
3/16/2025 21:00,2.5,57,"4,5","7,3",0,50000,2025-03-16 21:00:00
3/16/2025 22:00,1.9,49,"3,2","5,6",0,50000,2025-03-16 22:00:00
3/16/2025 23:00,-0.6,55,"1,6","2,9",0,50000,2025-03-16 23:00:00
3/17/2025 0:00,-1.3,57,"1,3","2,2",0,50000,2025-03-17 00:00:00
3/17/2025 1:00,-1.3,69,"1,6","2,5",0,50000,2025-03-17 01:00:00
3/17/2025 2:00,-2.6,78,2,3,0,50000,2025-03-17 02:00:00
3/17/2025 3:00,-2.6,75,"1,8","2,6",0,50000,2025-03-17 03:00:00
3/17/2025 4:00,-3.7,80,"2,1","2,7",0,50000,2025-03-17 04:00:00
3/17/2025 5:00,-3.3,76,"1,8",3,0,50000,2025-03-17 05:00:00
3/17/2025 6:00,-4.8,82,"0,5","1,4",0,50000,2025-03-17 06:00:00
3/17/2025 7:00,-5.5,90,"0,7","1,2",0,45000,2025-03-17 07:00:00
3/17/2025 8:00,-1.7,83,"0,6","1,1",0,40000,2025-03-17 08:00:00
3/17/2025 9:00,2.0,55,"1,5",3,0,45000,2025-03-17 09:00:00
3/17/2025 10:00,2.7,45,"1,9","3,3",0,40000,2025-03-17 10:00:00
3/17/2025 11:00,3.6,44,"2,3","4,1",0,50000,2025-03-17 11:00:00
3/17/2025 12:00,4.3,40,"2,2","4,2",0,40000,2025-03-17 12:00:00
3/17/2025 13:00,5.7,32,"2,4",5,0,50000,2025-03-17 13:00:00
3/17/2025 14:00,5.8,31,"2,7","5,3",0,40000,2025-03-17 14:00:00
3/17/2025 15:00,6.7,32,"2,9","6,6",0,40000,2025-03-17 15:00:00
3/17/2025 16:00,6.8,34,"2,8","5,8",0,45000,2025-03-17 16:00:00
3/17/2025 17:00,6.5,37,"2,7","5,8",0,50000,2025-03-17 17:00:00
3/17/2025 18:00,5.1,47,"2,8","6,2",0,50000,2025-03-17 18:00:00
3/17/2025 19:00,3.3,58,"1,9","5,3",0,50000,2025-03-17 19:00:00
3/17/2025 20:00,2.2,63,"2,1","4,7",0,50000,2025-03-17 20:00:00
3/17/2025 21:00,1.2,67,"2,2","3,4",0,50000,2025-03-17 21:00:00
3/17/2025 22:00,0.5,70,"2,6","5,1",0,50000,2025-03-17 22:00:00
3/17/2025 23:00,0.3,72,"3,3","4,9",0,50000,2025-03-17 23:00:00
3/18/2025 0:00,0.2,76,"3,5","5,8",0,50000,2025-03-18 00:00:00
3/18/2025 1:00,0.3,79,"3,6","5,8",0,50000,2025-03-18 01:00:00
3/18/2025 2:00,0.5,84,"3,3","5,2",0,45000,2025-03-18 02:00:00
3/18/2025 3:00,0.8,86,"3,5","6,3",0,40000,2025-03-18 03:00:00
3/18/2025 4:00,1.3,88,"3,7","6,2",0,35000,2025-03-18 04:00:00
3/18/2025 5:00,1.6,87,"3,5",6,0,30000,2025-03-18 05:00:00
3/18/2025 6:00,1.8,87,"2,4","4,4",0,30000,2025-03-18 06:00:00
3/18/2025 7:00,1.7,89,"3,4","5,3",0,30000,2025-03-18 07:00:00
3/18/2025 8:00,3.1,85,"3,2","6,2",0,30000,2025-03-18 08:00:00
3/18/2025 9:00,4.3,80,3,"6,5",0,30000,2025-03-18 09:00:00
3/18/2025 10:00,4.9,78,"3,8","7,4",0,30000,2025-03-18 10:00:00
3/18/2025 11:00,5.7,73,"3,9","6,5",0,30000,2025-03-18 11:00:00
3/18/2025 12:00,6.4,69,"3,7","6,3",0,30000,2025-03-18 12:00:00
3/18/2025 13:00,6.5,68,"3,9","6,7",0,30000,2025-03-18 13:00:00
3/18/2025 14:00,6.6,67,"3,2","7,1",0,35000,2025-03-18 14:00:00
3/18/2025 15:00,6.2,70,"3,6","8,1",0,35000,2025-03-18 15:00:00
3/18/2025 16:00,5.7,68,"3,4","6,2",0,45000,2025-03-18 16:00:00
3/18/2025 17:00,5.8,68,"3,8","7,2",0,45000,2025-03-18 17:00:00
3/18/2025 18:00,5.4,69,"2,4",5,0,45000,2025-03-18 18:00:00
3/18/2025 19:00,4.6,71,"3,4","6,3",0,45000,2025-03-18 19:00:00
3/18/2025 20:00,3.4,75,"3,7","6,4",0,40000,2025-03-18 20:00:00
3/18/2025 21:00,2.8,79,"2,4","4,9",0,45000,2025-03-18 21:00:00
3/18/2025 22:00,2.1,81,"3,1","5,7",0,35000,2025-03-18 22:00:00
3/18/2025 23:00,1.2,85,"2,4","3,9",0,30000,2025-03-18 23:00:00
3/19/2025 0:00,1.6,85,3,"5,1",0,30000,2025-03-19 00:00:00
3/19/2025 1:00,2.0,84,"2,7","6,4",0,40000,2025-03-19 01:00:00
3/19/2025 2:00,2.3,84,"3,2","6,1",0,40000,2025-03-19 02:00:00
3/19/2025 3:00,2.4,85,"3,5","7,1",0,40000,2025-03-19 03:00:00
3/19/2025 4:00,2.5,84,"3,7","7,5",0,35000,2025-03-19 04:00:00
3/19/2025 5:00,2.7,84,"3,5","7,4",0,35000,2025-03-19 05:00:00
3/19/2025 6:00,2.8,83,"2,9","5,9",0,35000,2025-03-19 06:00:00
3/19/2025 7:00,2.8,82,"3,3","7,1",0,40000,2025-03-19 07:00:00
3/19/2025 8:00,3.2,80,"2,6","6,2",0,45000,2025-03-19 08:00:00
3/19/2025 9:00,4.2,75,"3,2",6,0,35000,2025-03-19 09:00:00
3/19/2025 10:00,5.6,65,3,"5,5",0,40000,2025-03-19 10:00:00
3/19/2025 11:00,6.7,60,"2,5","4,5",0,35000,2025-03-19 11:00:00
3/19/2025 12:00,8.7,53,"2,3","4,4",0,35000,2025-03-19 12:00:00
3/19/2025 13:00,9.4,46,"1,9","3,1",0,35000,2025-03-19 13:00:00
3/19/2025 14:00,10.3,41,"1,7","3,8",0,28000,2025-03-19 14:00:00
3/19/2025 15:00,11.4,41,"1,9",4,0,35000,2025-03-19 15:00:00
3/19/2025 16:00,11.3,41,"2,7","4,9",0,40000,2025-03-19 16:00:00
3/19/2025 17:00,11.3,34,"2,2","3,4",0,45000,2025-03-19 17:00:00
3/19/2025 18:00,9.7,43,"2,2",3,0,45000,2025-03-19 18:00:00
3/19/2025 19:00,4.8,74,"1,4","2,7",0,35000,2025-03-19 19:00:00
3/19/2025 20:00,3.0,80,"1,3",2,0,35000,2025-03-19 20:00:00
3/19/2025 21:00,2.9,81,"1,6","2,8",0,40000,2025-03-19 21:00:00
3/19/2025 22:00,0.7,88,"0,9","1,5",0,28000,2025-03-19 22:00:00
3/19/2025 23:00,-1.5,94,"0,4","0,7",0,12000,2025-03-19 23:00:00
3/20/2025 0:00,-2.3,96,"0,8","1,1",0,16000,2025-03-20 00:00:00
3/20/2025 1:00,-2.9,97,"0,8","1,2",0,12000,2025-03-20 01:00:00
3/20/2025 2:00,-3.3,97,0,"0,3",0,13000,2025-03-20 02:00:00
3/20/2025 3:00,-3.8,98,"0,3","0,6",0,15000,2025-03-20 03:00:00
3/20/2025 4:00,-4.0,97,"0,7","1,2",0,16000,2025-03-20 04:00:00
3/20/2025 5:00,-4.1,97,"0,3","0,5",0,15000,2025-03-20 05:00:00
3/20/2025 6:00,-3.7,97,"0,7","1,1",0,16000,2025-03-20 06:00:00
3/20/2025 7:00,-3.8,97,"0,5","0,7",0,13000,2025-03-20 07:00:00
3/20/2025 8:00,0.1,97,"0,4","0,9",0,14000,2025-03-20 08:00:00
3/20/2025 9:00,4.0,67,"1,5","2,6",0,30000,2025-03-20 09:00:00
3/20/2025 10:00,5.9,58,"1,8",3,0,35000,2025-03-20 10:00:00
3/20/2025 11:00,8.1,48,1,"1,6",0,29000,2025-03-20 11:00:00
3/20/2025 12:00,11.1,40,"1,6","3,1",0,30000,2025-03-20 12:00:00
3/20/2025 13:00,12.2,38,"1,1",2,0,30000,2025-03-20 13:00:00
3/21/2025 10:00,6.3,59,"2,9","5,5",0,21000,2025-03-21 10:00:00
3/21/2025 11:00,7.4,53,"3,1","5,6",0,25000,2025-03-21 11:00:00
3/21/2025 12:00,8.2,58,"2,7","5,6",0,29000,2025-03-21 12:00:00
3/21/2025 13:00,8.0,57,"3,6","6,3",0,25000,2025-03-21 13:00:00
3/21/2025 14:00,8.5,51,"3,1","6,4",0,27000,2025-03-21 14:00:00
3/21/2025 15:00,8.8,49,4,"7,6",0,35000,2025-03-21 15:00:00
3/21/2025 16:00,8.8,50,"4,4","8,2",0,35000,2025-03-21 16:00:00
3/21/2025 17:00,7.9,60,"3,6","7,2",0,40000,2025-03-21 17:00:00
3/21/2025 18:00,6.5,68,"2,5",6,0,45000,2025-03-21 18:00:00
3/21/2025 19:00,5.7,71,3,"6,3",0,40000,2025-03-21 19:00:00
3/21/2025 20:00,4.9,75,"3,4","6,6",0,45000,2025-03-21 20:00:00
3/21/2025 21:00,4.7,69,3,"4,9",0,50000,2025-03-21 21:00:00
3/21/2025 22:00,2.8,81,"1,8","3,6",0,45000,2025-03-21 22:00:00
3/21/2025 23:00,2.7,82,"2,6","4,6",0,45000,2025-03-21 23:00:00
3/22/2025 0:00,3.0,79,"3,6","7,2",0,50000,2025-03-22 00:00:00
3/22/2025 1:00,2.2,85,"4,1","8,1",0,30000,2025-03-22 01:00:00
3/22/2025 2:00,2.0,88,"4,5","8,3",0,24000,2025-03-22 02:00:00
3/22/2025 3:00,1.7,88,"4,2","7,7",0,25000,2025-03-22 03:00:00
3/22/2025 4:00,1.8,88,"3,9","8,8",0,21000,2025-03-22 04:00:00
3/22/2025 5:00,1.7,87,"3,9",8,0,21000,2025-03-22 05:00:00
3/22/2025 6:00,1.5,87,"3,8","7,8",0,23000,2025-03-22 06:00:00
3/22/2025 7:00,2.0,86,4,"7,9",0,28000,2025-03-22 07:00:00
3/22/2025 8:00,3.5,80,"4,3","8,9",0,24000,2025-03-22 08:00:00
3/22/2025 9:00,4.5,77,"4,7","10,6",0,28000,2025-03-22 09:00:00
3/22/2025 10:00,5.7,72,"5,5","10,7",0,26000,2025-03-22 10:00:00
3/22/2025 11:00,6.9,69,"5,6","12,6",0,23000,2025-03-22 11:00:00
3/22/2025 12:00,8.4,62,"5,5",11,0,24000,2025-03-22 12:00:00
3/22/2025 13:00,9.5,54,"5,5","10,7",0,27000,2025-03-22 13:00:00
3/22/2025 14:00,9.7,49,"5,7","11,4",0,30000,2025-03-22 14:00:00
3/22/2025 15:00,10.1,49,5,"10,1",0,27000,2025-03-22 15:00:00
3/22/2025 16:00,8.8,57,"5,3","8,9",0,28000,2025-03-22 16:00:00
3/22/2025 17:00,8.3,58,"4,8",9,0,30000,2025-03-22 17:00:00
3/22/2025 18:00,7.7,54,"5,5","9,7",0,30000,2025-03-22 18:00:00
3/22/2025 19:00,6.2,64,"4,6","10,9",0,35000,2025-03-22 19:00:00
3/22/2025 20:00,6.4,59,6,"11,1",0,40000,2025-03-22 20:00:00
3/22/2025 21:00,5.7,64,6,"10,9",0,35000,2025-03-22 21:00:00
3/22/2025 22:00,5.1,73,"5,6","10,9",0,29000,2025-03-22 22:00:00
3/22/2025 23:00,4.7,79,"5,4","10,7",0,23000,2025-03-22 23:00:00
3/23/2025 0:00,4.9,79,"5,7",11,0,23000,2025-03-23 00:00:00
3/23/2025 1:00,5.2,76,"5,7","12,7",0,30000,2025-03-23 01:00:00
3/23/2025 2:00,5.0,78,"6,1","11,1",0,22000,2025-03-23 02:00:00
3/23/2025 3:00,5.1,77,"5,6","11,2",0,23000,2025-03-23 03:00:00
3/23/2025 4:00,5.0,78,"5,3","10,3",0,22000,2025-03-23 04:00:00
3/23/2025 5:00,4.9,80,"5,3","10,3",0,18000,2025-03-23 05:00:00
3/23/2025 6:00,4.7,81,"5,6","10,7",0,19000,2025-03-23 06:00:00
3/23/2025 7:00,4.7,81,"4,7","9,4",0,19000,2025-03-23 07:00:00
3/23/2025 8:00,5.2,78,"4,7","9,8",0,18000,2025-03-23 08:00:00
3/23/2025 9:00,5.8,76,"4,7","10,8",0,22000,2025-03-23 09:00:00
3/23/2025 10:00,6.2,74,"4,7","8,8",0,20000,2025-03-23 10:00:00
3/23/2025 11:00,7.1,71,"5,8","10,5",0,25000,2025-03-23 11:00:00
3/23/2025 12:00,7.3,70,6,"9,6",0,26000,2025-03-23 12:00:00
3/23/2025 13:00,8.5,64,"5,9","10,5",0,29000,2025-03-23 13:00:00
3/23/2025 14:00,8.4,66,"5,2","9,7",0,20000,2025-03-23 14:00:00
3/23/2025 15:00,8.0,68,"4,3","8,5",0,24000,2025-03-23 15:00:00
3/23/2025 16:00,8.8,62,"4,6","9,6",0,24000,2025-03-23 16:00:00
3/23/2025 17:00,7.9,67,"4,6","8,5",0,26000,2025-03-23 17:00:00
3/23/2025 18:00,6.3,74,"3,7","6,6",0,23000,2025-03-23 18:00:00
3/23/2025 19:00,5.8,75,"4,1","7,1",0,22000,2025-03-23 19:00:00
3/23/2025 20:00,5.1,78,"4,3","8,2",0,19000,2025-03-23 20:00:00
3/23/2025 21:00,4.4,79,"3,9","7,6",0,21000,2025-03-23 21:00:00
3/23/2025 22:00,4.3,81,3,"6,6",0,18000,2025-03-23 22:00:00
3/23/2025 23:00,3.4,85,"2,4","4,2",0,16000,2025-03-23 23:00:00
3/24/2025 0:00,3.3,86,"2,3","4,1",0,15000,2025-03-24 00:00:00
3/24/2025 1:00,3.4,85,"2,2",4,0,19000,2025-03-24 01:00:00
3/24/2025 2:00,3.4,85,"2,2","3,4",0,20000,2025-03-24 02:00:00
3/24/2025 3:00,2.8,89,"2,1","3,7",0,18000,2025-03-24 03:00:00
3/24/2025 4:00,1.3,93,"1,4",2,0,13000,2025-03-24 04:00:00
3/24/2025 5:00,0.1,96,"1,7","2,6",0,11000,2025-03-24 05:00:00
3/24/2025 6:00,1.1,97,2,"2,9",0,11000,2025-03-24 06:00:00
3/24/2025 7:00,0.6,97,"1,5",2,0,6000,2025-03-24 07:00:00
3/24/2025 8:00,2.4,98,"0,7","1,5",0,11000,2025-03-24 08:00:00
3/24/2025 9:00,4.1,89,2,"3,8",0,16000,2025-03-24 09:00:00
3/24/2025 10:00,5.7,79,"2,2","3,8",0,24000,2025-03-24 10:00:00
3/24/2025 11:00,7.5,72,"1,6","3,3",0,22000,2025-03-24 11:00:00
3/24/2025 12:00,8.6,67,"2,1","3,8",0,26000,2025-03-24 12:00:00
3/24/2025 13:00,9.4,66,"1,6","2,8",0,27000,2025-03-24 13:00:00
3/24/2025 14:00,9.2,65,"1,7","3,2",0,24000,2025-03-24 14:00:00
3/24/2025 15:00,9.6,63,"1,9","3,8",0,26000,2025-03-24 15:00:00
3/24/2025 16:00,10.0,64,"2,2","4,2",0,21000,2025-03-24 16:00:00
3/24/2025 17:00,9.5,65,"2,5","3,6",0,21000,2025-03-24 17:00:00
3/24/2025 18:00,8.7,71,"1,9","2,6",0,19000,2025-03-24 18:00:00
3/24/2025 19:00,5.1,83,"1,1","1,8",0,13000,2025-03-24 19:00:00
3/24/2025 20:00,2.9,91,"0,8","1,1",0,9000,2025-03-24 20:00:00
3/24/2025 21:00,1.7,95,"0,8","1,5",0,3500,2025-03-24 21:00:00
3/24/2025 22:00,1.6,98,"1,3","2,1",0,4100,2025-03-24 22:00:00
3/24/2025 23:00,0.9,98,"1,1","1,9",0,1900,2025-03-24 23:00:00
3/25/2025 0:00,2.2,99,"1,1","1,7",0,3000,2025-03-25 00:00:00
3/25/2025 1:00,3.1,87,"1,9","2,7",0,15000,2025-03-25 01:00:00
3/25/2025 2:00,2.8,89,"2,9","4,3",0,13000,2025-03-25 02:00:00
3/25/2025 3:00,2.4,95,"3,2","5,2",0,6000,2025-03-25 03:00:00
3/25/2025 4:00,3.2,97,"3,1","5,3",0,3500,2025-03-25 04:00:00
3/25/2025 5:00,3.9,96,"3,5","5,8",0,5000,2025-03-25 05:00:00
3/25/2025 6:00,4.2,95,"4,2","6,9",0,5000,2025-03-25 06:00:00
3/25/2025 7:00,4.4,93,"4,2","7,5",0,7000,2025-03-25 07:00:00
3/25/2025 8:00,4.8,90,"3,1",6,0,10000,2025-03-25 08:00:00
3/25/2025 9:00,6.2,85,"3,8","6,1",0,24000,2025-03-25 09:00:00
3/25/2025 10:00,6.6,86,"4,5","7,8",0,18000,2025-03-25 10:00:00
3/25/2025 11:00,6.6,93,"4,4","6,8","0,4",11000,2025-03-25 11:00:00
3/25/2025 12:00,6.7,94,"4,7","7,8",1,12000,2025-03-25 12:00:00
3/25/2025 13:00,8.0,92,"4,3","7,3","0,2",17000,2025-03-25 13:00:00
3/25/2025 14:00,8.9,86,"5,4","9,3",0,24000,2025-03-25 14:00:00
3/25/2025 15:00,10.3,79,"6,3","9,9",0,35000,2025-03-25 15:00:00
3/25/2025 16:00,10.1,80,"6,4","10,5",0,25000,2025-03-25 16:00:00
3/25/2025 17:00,9.2,86,"4,2","8,4",0,30000,2025-03-25 17:00:00
3/25/2025 18:00,8.3,91,"3,8","7,3",0,45000,2025-03-25 18:00:00
3/25/2025 19:00,7.8,93,"4,1",6,0,50000,2025-03-25 19:00:00
3/25/2025 20:00,7.7,95,"3,6","7,2",0,3600,2025-03-25 20:00:00
3/25/2025 21:00,7.3,94,"3,1","6,7",0,17000,2025-03-25 21:00:00
3/25/2025 22:00,6.7,88,"3,7","6,6",0,17000,2025-03-25 22:00:00
3/25/2025 23:00,6.7,88,"3,4","6,3",0,17000,2025-03-25 23:00:00
3/26/2025 0:00,6.8,87,"3,9",9,0,22000,2025-03-26 00:00:00
3/26/2025 1:00,6.8,88,"3,9","7,8",0,21000,2025-03-26 01:00:00
3/26/2025 2:00,6.5,90,"3,9","7,7",0,24000,2025-03-26 02:00:00
3/26/2025 3:00,6.2,92,"2,7","6,3",0,30000,2025-03-26 03:00:00
3/26/2025 4:00,5.5,91,"2,7","5,6",0,29000,2025-03-26 04:00:00
3/26/2025 5:00,4.8,93,"2,8",6,0,18000,2025-03-26 05:00:00
3/26/2025 6:00,4.2,93,"2,7","5,4",0,19000,2025-03-26 06:00:00
3/26/2025 7:00,4.0,92,2,"3,9",0,18000,2025-03-26 07:00:00
3/26/2025 8:00,5.2,87,"3,7","8,1",0,24000,2025-03-26 08:00:00
3/26/2025 9:00,7.1,80,"3,2",6,0,26000,2025-03-26 09:00:00
3/26/2025 10:00,8.7,72,"3,1","7,3",0,27000,2025-03-26 10:00:00
3/26/2025 11:00,10.0,68,"2,6",6,0,35000,2025-03-26 11:00:00
3/26/2025 12:00,10.9,62,"2,9","6,1",0,30000,2025-03-26 12:00:00
3/26/2025 13:00,11.6,56,"3,6","6,9",0,30000,2025-03-26 13:00:00
3/26/2025 14:00,12.0,58,"3,7","7,3",0,30000,2025-03-26 14:00:00
3/26/2025 15:00,12.3,56,"2,5",5,0,35000,2025-03-26 15:00:00
3/26/2025 16:00,12.0,53,3,"7,5",0,35000,2025-03-26 16:00:00
3/26/2025 17:00,11.3,56,"3,3","6,5",0,45000,2025-03-26 17:00:00
3/26/2025 18:00,8.7,69,"2,8",6,0,50000,2025-03-26 18:00:00
3/26/2025 19:00,7.2,75,"2,9","5,8",0,50000,2025-03-26 19:00:00
3/26/2025 20:00,6.0,81,"1,8","3,5",0,40000,2025-03-26 20:00:00
3/26/2025 21:00,4.0,88,"1,2","2,2",0,40000,2025-03-26 21:00:00
3/26/2025 22:00,4.3,88,"1,5","2,3",0,26000,2025-03-26 22:00:00
3/26/2025 23:00,4.2,89,"1,9","2,9",0,24000,2025-03-26 23:00:00
3/27/2025 0:00,4.5,88,3,"4,9",0,19000,2025-03-27 00:00:00
3/27/2025 1:00,3.8,89,"2,1","3,6",0,21000,2025-03-27 01:00:00
3/27/2025 2:00,3.4,90,"3,5","4,7",0,24000,2025-03-27 02:00:00
3/27/2025 3:00,4.7,92,"4,2","6,9",0,20000,2025-03-27 03:00:00
3/27/2025 4:00,5.9,92,"4,6","7,8",0,12000,2025-03-27 04:00:00
3/27/2025 5:00,6.0,88,"4,1","6,3",0,27000,2025-03-27 05:00:00
3/27/2025 6:00,5.8,89,"2,6","4,3",0,20000,2025-03-27 06:00:00
3/27/2025 7:00,6.5,86,4,7,0,24000,2025-03-27 07:00:00
3/27/2025 8:00,6.9,85,"5,4","8,9",0,18000,2025-03-27 08:00:00
3/27/2025 9:00,7.5,84,"5,6","8,5",0,16000,2025-03-27 09:00:00
3/27/2025 10:00,8.2,81,"5,6","8,7",0,15000,2025-03-27 10:00:00
3/27/2025 11:00,9.0,75,"5,8","10,5",0,23000,2025-03-27 11:00:00
3/27/2025 12:00,9.4,74,"6,4","9,9",0,21000,2025-03-27 12:00:00
3/27/2025 13:00,10.6,69,"4,7","9,5",0,20000,2025-03-27 13:00:00
3/27/2025 14:00,11.9,64,"5,6","8,9",0,23000,2025-03-27 14:00:00
3/27/2025 15:00,12.3,64,"5,4","9,9",0,24000,2025-03-27 15:00:00
3/27/2025 16:00,11.7,66,"6,3","8,8",0,35000,2025-03-27 16:00:00
3/27/2025 17:00,10.9,69,"5,7","9,1",0,30000,2025-03-27 17:00:00
3/27/2025 18:00,10.0,72,"3,3","5,6",0,30000,2025-03-27 18:00:00
3/27/2025 19:00,8.5,78,"3,2","5,1",0,35000,2025-03-27 19:00:00
3/27/2025 20:00,7.1,86,"4,4","6,3",0,21000,2025-03-27 20:00:00
3/27/2025 21:00,6.4,90,"4,7",7,0,14000,2025-03-27 21:00:00
3/27/2025 22:00,5.9,93,"5,8","8,8",0,8000,2025-03-27 22:00:00
3/27/2025 23:00,6.2,93,"4,2","6,5",0,7000,2025-03-27 23:00:00
3/28/2025 0:00,6.4,92,6,"9,2",0,6000,2025-03-28 00:00:00
3/28/2025 1:00,6.1,94,"5,5","8,3",0,6000,2025-03-28 01:00:00
3/28/2025 2:00,6.5,94,5,"8,5",0,4500,2025-03-28 02:00:00
3/28/2025 3:00,6.9,92,"6,1","9,8",0,5000,2025-03-28 03:00:00
3/28/2025 4:00,7.0,92,"5,3","8,1",0,5000,2025-03-28 04:00:00
3/28/2025 5:00,6.2,93,"4,3",6,0,4200,2025-03-28 05:00:00
3/28/2025 6:00,5.0,95,"3,4",5,0,3300,2025-03-28 06:00:00
3/28/2025 7:00,4.9,96,"4,3","5,8",0,2900,2025-03-28 07:00:00
3/28/2025 8:00,6.5,89,"4,4","6,5",0,6000,2025-03-28 08:00:00
3/28/2025 9:00,8.4,83,"4,6","8,7",0,9000,2025-03-28 09:00:00
3/28/2025 10:00,10.3,77,"5,2","8,3",0,10000,2025-03-28 10:00:00
3/28/2025 11:00,12.4,67,"7,6","11,9",0,13000,2025-03-28 11:00:00
3/28/2025 12:00,13.5,62,"6,7","11,6",0,14000,2025-03-28 12:00:00
3/28/2025 13:00,14.1,53,"7,6","12,6",0,17000,2025-03-28 13:00:00
3/28/2025 14:00,14.6,44,"7,7","10,8",0,24000,2025-03-28 14:00:00
3/28/2025 15:00,14.6,40,"6,8","9,5",0,27000,2025-03-28 15:00:00
3/28/2025 16:00,13.7,45,"6,5","9,1",0,25000,2025-03-28 16:00:00
3/28/2025 17:00,10.3,72,"4,4","7,7",0,9000,2025-03-28 17:00:00
3/28/2025 18:00,7.3,83,"4,9","7,6",0,12000,2025-03-28 18:00:00
3/28/2025 19:00,7.4,87,"3,6","5,4",0,17000,2025-03-28 19:00:00
3/28/2025 20:00,6.7,89,"2,3","3,4",0,22000,2025-03-28 20:00:00
3/28/2025 21:00,5.6,92,"1,4","2,4",0,14000,2025-03-28 21:00:00
3/28/2025 22:00,6.7,93,"2,8","4,8",0,10000,2025-03-28 22:00:00
3/28/2025 23:00,7.2,92,"3,1","4,7",0,11000,2025-03-28 23:00:00
3/29/2025 0:00,7.3,91,"2,1","3,8",0,11000,2025-03-29 00:00:00
3/29/2025 1:00,6.8,93,"1,1","1,7",0,10000,2025-03-29 01:00:00
3/29/2025 2:00,6.4,92,"1,5","2,4",0,13000,2025-03-29 02:00:00
3/29/2025 3:00,6.4,90,"1,3","2,8",0,21000,2025-03-29 03:00:00
3/29/2025 4:00,6.0,87,"1,8","3,8",0,28000,2025-03-29 04:00:00
3/29/2025 5:00,4.2,92,"1,3","2,3",0,19000,2025-03-29 05:00:00
3/29/2025 6:00,3.7,95,"2,2","3,6",0,14000,2025-03-29 06:00:00
3/29/2025 7:00,3.3,96,"1,4","2,3",0,13000,2025-03-29 07:00:00
3/29/2025 8:00,4.6,92,"2,2","3,8",0,17000,2025-03-29 08:00:00
3/29/2025 9:00,6.3,85,"2,6","4,6",0,28000,2025-03-29 09:00:00
3/29/2025 10:00,8.1,75,"2,7","5,5",0,24000,2025-03-29 10:00:00
3/29/2025 11:00,8.9,67,"3,7","6,5",0,35000,2025-03-29 11:00:00
3/29/2025 12:00,9.2,62,3,"5,8",0,35000,2025-03-29 12:00:00
3/29/2025 13:00,10.5,54,"2,8","5,8",0,30000,2025-03-29 13:00:00
3/29/2025 14:00,11.8,49,4,"7,9",0,27000,2025-03-29 14:00:00
3/29/2025 15:00,12.0,48,"4,5","7,8",0,29000,2025-03-29 15:00:00
3/29/2025 16:00,10.9,48,3,"5,8",0,35000,2025-03-29 16:00:00
3/29/2025 17:00,10.3,52,"4,6","6,9",0,35000,2025-03-29 17:00:00
3/29/2025 18:00,8.8,57,"2,7","5,3",0,40000,2025-03-29 18:00:00
3/29/2025 19:00,7.2,63,"2,9","5,2",0,40000,2025-03-29 19:00:00
3/29/2025 20:00,5.2,72,"2,5","3,8",0,45000,2025-03-29 20:00:00
3/29/2025 21:00,4.4,78,"2,3","3,1",0,40000,2025-03-29 21:00:00
3/29/2025 22:00,3.4,82,"2,4","3,6",0,40000,2025-03-29 22:00:00
3/29/2025 23:00,4.0,86,4,7,0,29000,2025-03-29 23:00:00
3/30/2025 0:00,4.3,87,4,6,0,27000,2025-03-30 00:00:00
3/30/2025 1:00,4.6,88,"4,1","5,7",0,30000,2025-03-30 01:00:00
3/30/2025 3:00,4.6,90,"4,2",7,0,16000,2025-03-30 03:00:00
3/30/2025 4:00,4.5,90,"5,4","7,2",0,20000,2025-03-30 04:00:00
3/30/2025 5:00,4.6,93,"6,5","9,4","0,7",10000,2025-03-30 05:00:00
3/30/2025 6:00,4.5,93,"7,1","10,7","1,4",7000,2025-03-30 06:00:00
3/30/2025 7:00,4.7,95,6,"9,5","0,2",13000,2025-03-30 07:00:00
3/30/2025 8:00,5.5,95,"4,9","8,2","0,6",13000,2025-03-30 08:00:00
3/30/2025 9:00,6.6,93,"4,3","7,6",0,10000,2025-03-30 09:00:00
3/30/2025 10:00,7.0,91,"3,9","7,3",0,8000,2025-03-30 10:00:00
3/30/2025 11:00,7.8,81,"5,9",9,0,12000,2025-03-30 11:00:00
3/30/2025 12:00,8.1,80,"3,9","7,7",0,12000,2025-03-30 12:00:00
3/30/2025 13:00,9.6,70,"4,9","9,2",0,17000,2025-03-30 13:00:00
3/30/2025 14:00,7.5,75,"3,6","6,5","0,1",40000,2025-03-30 14:00:00
3/30/2025 15:00,9.6,72,"4,3","7,8",0,24000,2025-03-30 15:00:00
3/30/2025 16:00,8.4,81,"4,3","9,4","0,1",11000,2025-03-30 16:00:00
3/30/2025 17:00,9.1,71,"5,1","10,5",0,30000,2025-03-30 17:00:00
3/30/2025 18:00,7.9,76,"4,4","9,4",0,50000,2025-03-30 18:00:00
3/30/2025 19:00,6.8,85,"3,6",8,0,27000,2025-03-30 19:00:00
3/30/2025 20:00,6.7,79,"3,8","8,7",0,50000,2025-03-30 20:00:00
3/30/2025 21:00,6.1,79,"4,9","9,4",0,50000,2025-03-30 21:00:00
3/30/2025 22:00,5.8,79,4,"7,3",0,50000,2025-03-30 22:00:00
3/30/2025 23:00,5.7,81,"4,4","8,5",0,50000,2025-03-30 23:00:00
3/31/2025 0:00,5.4,75,"4,5",8,0,50000,2025-03-31 00:00:00
3/31/2025 1:00,5.0,78,"3,8","7,1",0,50000,2025-03-31 01:00:00
3/31/2025 2:00,5.1,81,"4,5","8,6",0,50000,2025-03-31 02:00:00
3/31/2025 3:00,4.0,88,"2,7","5,4",0,45000,2025-03-31 03:00:00
3/31/2025 4:00,3.4,92,"2,4","4,4",0,40000,2025-03-31 04:00:00
3/31/2025 5:00,2.7,94,"2,3","4,4",0,35000,2025-03-31 05:00:00
3/31/2025 6:00,2.4,96,"2,2",4,0,14000,2025-03-31 06:00:00
3/31/2025 7:00,2.2,97,"2,7","4,3",0,27000,2025-03-31 07:00:00
3/31/2025 8:00,3.1,96,3,"5,4",0,20000,2025-03-31 08:00:00
3/31/2025 9:00,5.1,84,"3,7",7,0,40000,2025-03-31 09:00:00
3/31/2025 10:00,6.9,74,"3,5","7,3",0,45000,2025-03-31 10:00:00
3/31/2025 11:00,8.3,66,"3,1","6,6",0,40000,2025-03-31 11:00:00
3/31/2025 12:00,9.6,59,"3,1","7,2",0,45000,2025-03-31 12:00:00
3/31/2025 13:00,10.7,53,"4,4","8,1",0,45000,2025-03-31 13:00:00
3/31/2025 14:00,12.0,48,"2,7","6,9",0,45000,2025-03-31 14:00:00
3/31/2025 15:00,11.0,47,3,"6,5",0,35000,2025-03-31 15:00:00
3/31/2025 16:00,11.2,44,"3,3","7,9",0,45000,2025-03-31 16:00:00
3/31/2025 17:00,12.1,44,"3,4","6,9",0,45000,2025-03-31 17:00:00
3/31/2025 18:00,11.1,47,"3,7","6,3",0,50000,2025-03-31 18:00:00
3/31/2025 19:00,10.2,48,"2,7","5,8",0,50000,2025-03-31 19:00:00
3/31/2025 20:00,7.8,57,"2,2","4,2",0,50000,2025-03-31 20:00:00
3/31/2025 21:00,6.1,64,"1,4","2,9",0,50000,2025-03-31 21:00:00
3/31/2025 22:00,3.3,79,"1,1","1,6",0,50000,2025-03-31 22:00:00
3/31/2025 23:00,2.9,79,"1,9","3,1",0,50000,2025-03-31 23:00:00
4/1/2025 0:00,2.2,81,"1,6","2,7",0,40000,2025-04-01 00:00:00
4/1/2025 1:00,-0.2,90,"0,7","1,2",0,50000,2025-04-01 01:00:00
4/1/2025 2:00,-0.7,95,"0,9","1,2",0,45000,2025-04-01 02:00:00
4/1/2025 3:00,-1.3,96,"1,3","1,8",0,35000,2025-04-01 03:00:00
4/1/2025 4:00,-2.2,96,"0,4","0,7",0,16000,2025-04-01 04:00:00
4/1/2025 5:00,-2.3,97,"0,4","0,6",0,16000,2025-04-01 05:00:00
4/1/2025 6:00,-2.1,98,"1,2","1,6",0,22000,2025-04-01 06:00:00
4/1/2025 7:00,-1.6,99,"1,4","2,2",0,30000,2025-04-01 07:00:00
4/1/2025 8:00,-0.8,99,0,"0,5",0,11000,2025-04-01 08:00:00
4/1/2025 9:00,3.7,94,"1,1","1,8",0,21000,2025-04-01 09:00:00
4/1/2025 10:00,6.6,81,"0,8","1,6",0,35000,2025-04-01 10:00:00
4/1/2025 11:00,9.3,49,"1,1","2,3",0,30000,2025-04-01 11:00:00
4/1/2025 12:00,10.4,41,"1,5",3,0,35000,2025-04-01 12:00:00
4/1/2025 13:00,11.7,42,"1,5","2,8",0,30000,2025-04-01 13:00:00
4/1/2025 14:00,12.5,43,"2,5","4,5",0,35000,2025-04-01 14:00:00
4/1/2025 15:00,12.7,40,2,"3,6",0,35000,2025-04-01 15:00:00
4/1/2025 16:00,12.6,41,2,"4,2",0,45000,2025-04-01 16:00:00
4/1/2025 17:00,12.5,43,"1,8","3,1",0,40000,2025-04-01 17:00:00
4/1/2025 18:00,11.9,42,"1,6","2,8",0,50000,2025-04-01 18:00:00
4/1/2025 19:00,10.8,48,"1,1","1,9",0,45000,2025-04-01 19:00:00
4/1/2025 20:00,7.4,61,"0,9","1,3",0,50000,2025-04-01 20:00:00
4/1/2025 21:00,3.7,80,"1,1","1,4",0,50000,2025-04-01 21:00:00
4/1/2025 22:00,2.4,87,0,"0,5",0,22000,2025-04-01 22:00:00
4/1/2025 23:00,0.9,94,"0,3","0,5",0,45000,2025-04-01 23:00:00
4/2/2025 0:00,-0.2,96,"0,4","0,5",0,25000,2025-04-02 00:00:00
4/2/2025 1:00,-0.9,97,"0,6","0,9",0,26000,2025-04-02 01:00:00
4/2/2025 2:00,-1.2,98,"0,6","0,9",0,35000,2025-04-02 02:00:00
